pcode,name,storm_id,pcpout_mm,rain_geotiff_mm,diff_mm,diff_pct
BB01,Christ Church,sample_0001,804.16,804.59,0.42,0.05
BB01,Christ Church,sample_0002,0.0,0.45,0.45,
BB01,Christ Church,sample_0003,0.0,0.09,0.09,
BB01,Christ Church,sample_0004,0.0,0.63,0.63,
BB01,Christ Church,sample_0005,0.0,1.23,1.23,
BB01,Christ Church,sample_0006,0.01,2.62,2.6,18968.5
BB01,Christ Church,sample_0007,0.0,2.63,2.63,
BB01,Christ Church,sample_0008,8.27,10.04,1.78,21.48
BB01,Christ Church,sample_0009,4.81,7.35,2.54,52.71
BB01,Christ Church,sample_0010,11.4,12.46,1.07,9.36
BB01,Christ Church,sample_0011,0.0,0.0,0.0,
BB01,Christ Church,sample_0012,11.39,15.57,4.18,36.68
BB01,Christ Church,sample_0013,15.87,18.3,2.43,15.31
BB01,Christ Church,sample_0014,21.68,23.78,2.09,9.66
BB01,Christ Church,sample_0015,46.56,48.99,2.42,5.2
BB01,Christ Church,sample_0016,4.85,7.47,2.62,54.04
BB01,Christ Church,sample_0017,18.29,23.99,5.7,31.18
BB01,Christ Church,sample_0018,0.0,0.0,0.0,
BB01,Christ Church,sample_0019,41.87,46.69,4.82,11.52
BB01,Christ Church,sample_0020,48.46,52.57,4.12,8.5
BB01,Christ Church,sample_0021,6.84,11.02,4.18,61.06
BB01,Christ Church,sample_0022,21.75,26.95,5.2,23.92
BB01,Christ Church,sample_0023,21.37,25.03,3.66,17.1
BB01,Christ Church,sample_0024,50.58,53.34,2.76,5.47
BB01,Christ Church,sample_0025,43.16,47.03,3.87,8.97
BB01,Christ Church,sample_0026,44.46,49.85,5.4,12.14
BB01,Christ Church,sample_0027,63.37,65.46,2.09,3.3
BB01,Christ Church,sample_0028,30.17,35.52,5.35,17.73
BB01,Christ Church,sample_0029,0.76,1.74,0.98,129.82
BB01,Christ Church,sample_0030,54.87,60.92,6.05,11.03
BB01,Christ Church,sample_0031,76.42,80.8,4.37,5.72
BB01,Christ Church,sample_0032,82.8,89.5,6.69,8.08
BB01,Christ Church,sample_0033,112.74,115.84,3.1,2.75
BB01,Christ Church,sample_0034,108.68,110.66,1.98,1.82
BB01,Christ Church,sample_0035,108.4,112.16,3.75,3.46
BB01,Christ Church,sample_0036,55.22,59.62,4.41,7.98
BB01,Christ Church,sample_0037,71.07,75.96,4.89,6.87
BB01,Christ Church,sample_0038,130.44,137.23,6.79,5.2
BB01,Christ Church,sample_0039,113.37,119.4,6.03,5.32
BB01,Christ Church,sample_0040,211.95,218.7,6.76,3.19
BB01,Christ Church,sample_0041,101.51,101.81,0.3,0.3
BB01,Christ Church,sample_0042,82.5,92.81,10.32,12.51
BB01,Christ Church,sample_0043,140.88,145.5,4.63,3.28
BB01,Christ Church,sample_0044,173.14,176.03,2.89,1.67
BB01,Christ Church,sample_0045,150.19,156.03,5.85,3.89
BB01,Christ Church,sample_0046,89.0,94.76,5.76,6.48
BB01,Christ Church,sample_0047,10.74,12.56,1.82,16.97
BB01,Christ Church,sample_0048,160.61,160.74,0.13,0.08
BB01,Christ Church,sample_0049,110.79,112.99,2.2,1.98
BB01,Christ Church,sample_0050,176.02,182.38,6.36,3.62
BB01,Christ Church,sample_0051,144.77,152.14,7.37,5.09
BB01,Christ Church,sample_0052,101.31,103.93,2.62,2.58
BB01,Christ Church,sample_0053,15.32,18.17,2.85,18.62
BB01,Christ Church,sample_0054,152.71,161.48,8.77,5.74
BB01,Christ Church,sample_0055,76.32,83.0,6.68,8.76
BB01,Christ Church,sample_0056,62.17,66.29,4.12,6.63
BB01,Christ Church,sample_0057,182.02,185.31,3.3,1.81
BB01,Christ Church,sample_0058,14.94,18.04,3.1,20.76
BB01,Christ Church,sample_0059,152.16,155.02,2.85,1.88
BB01,Christ Church,sample_0060,171.53,172.99,1.46,0.85
BB01,Christ Church,sample_0061,130.11,134.34,4.23,3.25
BB01,Christ Church,sample_0062,179.27,181.27,2.0,1.12
BB01,Christ Church,sample_0063,192.23,206.05,13.82,7.19
BB01,Christ Church,sample_0064,211.38,213.03,1.65,0.78
BB01,Christ Church,sample_0065,28.21,31.63,3.43,12.15
BB01,Christ Church,sample_0066,138.41,149.09,10.68,7.72
BB01,Christ Church,sample_0067,177.07,187.47,10.4,5.87
BB01,Christ Church,sample_0068,98.73,108.35,9.63,9.75
BB01,Christ Church,sample_0069,183.38,195.25,11.87,6.47
BB01,Christ Church,sample_0070,231.34,234.06,2.72,1.17
BB01,Christ Church,sample_0071,198.44,198.87,0.43,0.21
BB01,Christ Church,sample_0072,171.28,178.91,7.63,4.45
BB01,Christ Church,sample_0073,112.7,117.13,4.43,3.93
BB01,Christ Church,sample_0074,195.43,203.21,7.78,3.98
BB01,Christ Church,sample_0075,182.27,180.75,-1.52,-0.84
BB01,Christ Church,sample_0076,242.0,244.3,2.3,0.95
BB01,Christ Church,sample_0077,205.08,207.74,2.66,1.3
BB01,Christ Church,sample_0078,199.76,206.16,6.4,3.2
BB01,Christ Church,sample_0079,173.35,175.78,2.43,1.4
BB01,Christ Church,sample_0080,274.75,284.06,9.31,3.39
BB01,Christ Church,sample_0081,216.15,222.94,6.78,3.14
BB01,Christ Church,sample_0082,207.0,206.54,-0.47,-0.23
BB01,Christ Church,sample_0083,325.82,331.5,5.68,1.74
BB01,Christ Church,sample_0084,160.24,164.9,4.67,2.91
BB01,Christ Church,sample_0085,186.09,194.71,8.62,4.63
BB01,Christ Church,sample_0086,186.52,195.6,9.08,4.87
BB01,Christ Church,sample_0087,174.7,179.24,4.54,2.6
BB01,Christ Church,sample_0088,148.79,157.87,9.08,6.1
BB01,Christ Church,sample_0089,127.41,131.17,3.77,2.96
BB01,Christ Church,sample_0090,264.83,267.16,2.33,0.88
BB01,Christ Church,sample_0091,191.3,196.07,4.77,2.49
BB01,Christ Church,sample_0092,208.64,208.42,-0.22,-0.1
BB01,Christ Church,sample_0093,205.14,216.72,11.58,5.65
BB01,Christ Church,sample_0094,253.62,259.3,5.67,2.24
BB01,Christ Church,sample_0095,259.02,260.11,1.09,0.42
BB01,Christ Church,sample_0096,204.1,209.27,5.17,2.53
BB01,Christ Church,sample_0097,55.88,59.21,3.33,5.96
BB01,Christ Church,sample_0098,224.39,234.28,9.89,4.41
BB01,Christ Church,sample_0099,198.39,201.57,3.18,1.6
BB01,Christ Church,sample_0100,188.05,199.56,11.51,6.12
BB01,Christ Church,sample_0101,307.59,312.67,5.07,1.65
BB01,Christ Church,sample_0102,286.96,294.17,7.21,2.51
BB01,Christ Church,sample_0103,353.12,355.49,2.37,0.67
BB01,Christ Church,sample_0104,125.26,128.98,3.72,2.97
BB01,Christ Church,sample_0105,298.16,304.93,6.77,2.27
BB01,Christ Church,sample_0106,358.2,362.68,4.48,1.25
BB01,Christ Church,sample_0107,245.18,250.17,4.99,2.04
BB01,Christ Church,sample_0108,359.77,367.6,7.84,2.18
BB01,Christ Church,sample_0109,222.46,231.84,9.38,4.22
BB01,Christ Church,sample_0110,336.58,340.0,3.42,1.02
BB01,Christ Church,sample_0111,290.35,297.91,7.57,2.61
BB01,Christ Church,sample_0112,326.79,330.76,3.97,1.21
BB01,Christ Church,sample_0113,320.28,324.74,4.46,1.39
BB01,Christ Church,sample_0114,271.09,281.84,10.75,3.97
BB01,Christ Church,sample_0115,305.41,313.7,8.28,2.71
BB01,Christ Church,sample_0116,395.19,402.91,7.72,1.95
BB01,Christ Church,sample_0117,450.9,454.36,3.47,0.77
BB01,Christ Church,sample_0118,257.04,262.36,5.32,2.07
BB01,Christ Church,sample_0119,278.31,283.82,5.5,1.98
BB01,Christ Church,sample_0120,362.07,363.69,1.63,0.45
BB01,Christ Church,sample_0121,442.67,449.73,7.05,1.59
BB01,Christ Church,sample_0122,291.25,294.5,3.25,1.11
BB01,Christ Church,sample_0123,351.98,358.21,6.23,1.77
BB01,Christ Church,sample_0124,339.51,346.12,6.61,1.95
BB01,Christ Church,sample_0125,354.08,360.3,6.23,1.76
BB01,Christ Church,sample_0126,385.69,388.92,3.23,0.84
BB01,Christ Church,sample_0127,447.57,452.58,5.0,1.12
BB01,Christ Church,sample_0128,150.03,157.46,7.43,4.95
BB01,Christ Church,sample_0129,445.92,451.89,5.96,1.34
BB01,Christ Church,sample_0130,340.42,353.0,12.58,3.7
BB01,Christ Church,sample_0131,374.35,380.53,6.18,1.65
BB01,Christ Church,sample_0132,389.73,391.51,1.78,0.46
BB01,Christ Church,sample_0133,376.32,378.17,1.85,0.49
BB01,Christ Church,sample_0134,278.01,282.98,4.96,1.79
BB01,Christ Church,sample_0135,434.41,436.33,1.92,0.44
BB01,Christ Church,sample_0136,384.74,390.75,6.01,1.56
BB01,Christ Church,sample_0137,530.99,539.12,8.13,1.53
BB01,Christ Church,sample_0138,101.86,103.98,2.12,2.08
BB01,Christ Church,sample_0139,272.96,285.4,12.44,4.56
BB01,Christ Church,sample_0140,462.98,473.35,10.37,2.24
BB01,Christ Church,sample_0141,266.13,271.79,5.66,2.13
BB01,Christ Church,sample_0142,351.31,359.65,8.34,2.37
BB01,Christ Church,sample_0143,334.45,337.16,2.71,0.81
BB01,Christ Church,sample_0144,520.9,524.41,3.51,0.67
BB01,Christ Church,sample_0145,363.55,372.43,8.88,2.44
BB01,Christ Church,sample_0146,431.2,439.48,8.28,1.92
BB01,Christ Church,sample_0147,324.38,330.06,5.67,1.75
BB01,Christ Church,sample_0148,83.12,85.09,1.97,2.37
BB01,Christ Church,sample_0149,344.85,345.03,0.18,0.05
BB01,Christ Church,sample_0150,340.74,343.54,2.8,0.82
BB01,Christ Church,sample_0151,365.92,370.86,4.94,1.35
BB01,Christ Church,sample_0152,467.62,472.63,5.01,1.07
BB01,Christ Church,sample_0153,383.21,388.62,5.41,1.41
BB01,Christ Church,sample_0154,298.83,302.06,3.23,1.08
BB01,Christ Church,sample_0155,380.1,386.55,6.45,1.7
BB01,Christ Church,sample_0156,334.34,334.08,-0.26,-0.08
BB01,Christ Church,sample_0157,393.08,404.64,11.56,2.94
BB01,Christ Church,sample_0158,440.51,442.69,2.18,0.5
BB01,Christ Church,sample_0159,378.62,378.38,-0.24,-0.06
BB01,Christ Church,sample_0160,539.18,541.43,2.25,0.42
BB01,Christ Church,sample_0161,379.78,380.14,0.36,0.1
BB01,Christ Church,sample_0162,218.93,222.13,3.2,1.46
BB01,Christ Church,sample_0163,602.09,602.59,0.5,0.08
BB01,Christ Church,sample_0164,522.53,527.73,5.2,1.0
BB01,Christ Church,sample_0165,273.23,277.03,3.81,1.39
BB01,Christ Church,sample_0166,316.34,320.84,4.5,1.42
BB01,Christ Church,sample_0167,454.28,458.75,4.47,0.98
BB01,Christ Church,sample_0168,357.88,358.17,0.28,0.08
BB01,Christ Church,sample_0169,453.09,456.56,3.47,0.77
BB01,Christ Church,sample_0170,438.51,442.19,3.68,0.84
BB01,Christ Church,sample_0171,440.24,438.56,-1.69,-0.38
BB01,Christ Church,sample_0172,656.0,660.1,4.1,0.62
BB01,Christ Church,sample_0173,344.01,353.01,9.0,2.62
BB01,Christ Church,sample_0174,446.82,451.75,4.94,1.11
BB01,Christ Church,sample_0175,451.61,451.39,-0.22,-0.05
BB01,Christ Church,sample_0176,544.87,548.94,4.06,0.75
BB01,Christ Church,sample_0177,481.12,478.51,-2.61,-0.54
BB01,Christ Church,sample_0178,457.73,459.92,2.19,0.48
BB01,Christ Church,sample_0179,470.71,471.13,0.41,0.09
BB01,Christ Church,sample_0180,600.14,597.98,-2.16,-0.36
BB01,Christ Church,sample_0181,518.68,524.77,6.1,1.18
BB01,Christ Church,sample_0182,582.3,587.42,5.12,0.88
BB01,Christ Church,sample_0183,435.88,437.77,1.9,0.44
BB01,Christ Church,sample_0184,474.22,479.74,5.52,1.16
BB01,Christ Church,sample_0185,474.22,479.74,5.52,1.16
BB01,Christ Church,sample_0186,399.05,401.36,2.31,0.58
BB01,Christ Church,sample_0187,621.87,625.86,3.98,0.64
BB01,Christ Church,sample_0188,520.28,521.56,1.28,0.25
BB01,Christ Church,sample_0189,633.52,635.1,1.58,0.25
BB01,Christ Church,sample_0190,626.86,628.47,1.6,0.26
BB01,Christ Church,sample_0191,686.92,689.53,2.61,0.38
BB01,Christ Church,sample_0192,477.95,480.71,2.76,0.58
BB01,Christ Church,sample_0193,599.3,602.09,2.8,0.47
BB01,Christ Church,sample_0194,432.69,433.45,0.76,0.18
BB01,Christ Church,sample_0195,443.32,448.82,5.5,1.24
BB01,Christ Church,sample_0196,813.43,812.13,-1.29,-0.16
BB01,Christ Church,sample_0197,1014.18,1018.05,3.87,0.38
BB01,Christ Church,sample_0198,923.27,924.58,1.31,0.14
BB01,Christ Church,sample_0199,710.56,716.61,6.05,0.85
BB01,Christ Church,sample_0200,882.07,884.08,2.01,0.23
BB02,Saint Andrew,sample_0001,1090.34,1087.14,-3.2,-0.29
BB02,Saint Andrew,sample_0002,0.0,0.17,0.17,
BB02,Saint Andrew,sample_0003,0.0,0.43,0.43,
BB02,Saint Andrew,sample_0004,0.0,0.81,0.81,
BB02,Saint Andrew,sample_0005,0.05,4.6,4.54,8503.49
BB02,Saint Andrew,sample_0006,4.05,9.04,4.99,123.29
BB02,Saint Andrew,sample_0007,5.46,8.83,3.37,61.77
BB02,Saint Andrew,sample_0008,2.05,4.46,2.42,118.23
BB02,Saint Andrew,sample_0009,5.99,10.5,4.5,75.11
BB02,Saint Andrew,sample_0010,14.03,17.15,3.13,22.29
BB02,Saint Andrew,sample_0011,0.0,0.0,0.0,
BB02,Saint Andrew,sample_0012,15.56,16.29,0.73,4.68
BB02,Saint Andrew,sample_0013,8.36,12.39,4.03,48.2
BB02,Saint Andrew,sample_0014,28.81,32.64,3.83,13.29
BB02,Saint Andrew,sample_0015,22.36,23.87,1.51,6.74
BB02,Saint Andrew,sample_0016,9.17,10.59,1.42,15.48
BB02,Saint Andrew,sample_0017,28.73,41.19,12.46,43.35
BB02,Saint Andrew,sample_0018,0.0,0.0,0.0,
BB02,Saint Andrew,sample_0019,21.46,28.52,7.06,32.88
BB02,Saint Andrew,sample_0020,23.81,30.09,6.28,26.36
BB02,Saint Andrew,sample_0021,66.34,64.81,-1.53,-2.31
BB02,Saint Andrew,sample_0022,16.51,20.0,3.5,21.18
BB02,Saint Andrew,sample_0023,43.02,49.07,6.05,14.06
BB02,Saint Andrew,sample_0024,30.85,36.27,5.42,17.56
BB02,Saint Andrew,sample_0025,52.81,56.73,3.92,7.43
BB02,Saint Andrew,sample_0026,50.71,56.1,5.39,10.63
BB02,Saint Andrew,sample_0027,58.59,63.02,4.43,7.57
BB02,Saint Andrew,sample_0028,53.49,60.39,6.9,12.91
BB02,Saint Andrew,sample_0029,0.0,0.03,0.03,
BB02,Saint Andrew,sample_0030,79.63,86.9,7.28,9.14
BB02,Saint Andrew,sample_0031,100.55,102.38,1.84,1.83
BB02,Saint Andrew,sample_0032,81.26,87.29,6.03,7.42
BB02,Saint Andrew,sample_0033,76.72,78.37,1.65,2.15
BB02,Saint Andrew,sample_0034,153.9,158.2,4.3,2.79
BB02,Saint Andrew,sample_0035,78.87,79.29,0.42,0.53
BB02,Saint Andrew,sample_0036,120.73,122.17,1.44,1.19
BB02,Saint Andrew,sample_0037,125.52,129.45,3.93,3.13
BB02,Saint Andrew,sample_0038,96.93,105.06,8.13,8.39
BB02,Saint Andrew,sample_0039,61.61,65.38,3.78,6.13
BB02,Saint Andrew,sample_0040,75.76,80.28,4.52,5.96
BB02,Saint Andrew,sample_0041,83.74,89.07,5.33,6.36
BB02,Saint Andrew,sample_0042,65.57,76.0,10.43,15.91
BB02,Saint Andrew,sample_0043,80.43,85.22,4.79,5.95
BB02,Saint Andrew,sample_0044,70.21,72.77,2.56,3.65
BB02,Saint Andrew,sample_0045,71.47,76.89,5.42,7.59
BB02,Saint Andrew,sample_0046,148.7,151.56,2.86,1.93
BB02,Saint Andrew,sample_0047,222.79,227.02,4.23,1.9
BB02,Saint Andrew,sample_0048,90.22,94.89,4.67,5.17
BB02,Saint Andrew,sample_0049,139.78,145.68,5.89,4.21
BB02,Saint Andrew,sample_0050,110.61,112.7,2.08,1.88
BB02,Saint Andrew,sample_0051,129.06,136.4,7.34,5.68
BB02,Saint Andrew,sample_0052,158.68,163.09,4.41,2.78
BB02,Saint Andrew,sample_0053,276.53,278.7,2.17,0.78
BB02,Saint Andrew,sample_0054,116.11,119.06,2.95,2.54
BB02,Saint Andrew,sample_0055,181.48,187.18,5.7,3.14
BB02,Saint Andrew,sample_0056,240.9,245.73,4.83,2.01
BB02,Saint Andrew,sample_0057,128.43,135.52,7.09,5.52
BB02,Saint Andrew,sample_0058,21.08,21.66,0.58,2.75
BB02,Saint Andrew,sample_0059,147.03,148.97,1.94,1.32
BB02,Saint Andrew,sample_0060,135.4,139.52,4.12,3.04
BB02,Saint Andrew,sample_0061,202.07,206.82,4.75,2.35
BB02,Saint Andrew,sample_0062,151.41,153.88,2.47,1.63
BB02,Saint Andrew,sample_0063,70.52,79.49,8.97,12.72
BB02,Saint Andrew,sample_0064,173.82,174.61,0.79,0.46
BB02,Saint Andrew,sample_0065,29.62,33.0,3.38,11.42
BB02,Saint Andrew,sample_0066,176.93,189.38,12.45,7.04
BB02,Saint Andrew,sample_0067,209.85,218.7,8.86,4.22
BB02,Saint Andrew,sample_0068,234.46,238.98,4.52,1.93
BB02,Saint Andrew,sample_0069,220.96,227.67,6.71,3.04
BB02,Saint Andrew,sample_0070,164.15,168.79,4.64,2.83
BB02,Saint Andrew,sample_0071,200.78,202.78,2.0,1.0
BB02,Saint Andrew,sample_0072,250.12,258.42,8.3,3.32
BB02,Saint Andrew,sample_0073,339.65,343.89,4.25,1.25
BB02,Saint Andrew,sample_0074,154.52,166.37,11.85,7.67
BB02,Saint Andrew,sample_0075,208.77,221.38,12.61,6.04
BB02,Saint Andrew,sample_0076,162.78,165.8,3.02,1.85
BB02,Saint Andrew,sample_0077,183.62,187.46,3.84,2.09
BB02,Saint Andrew,sample_0078,173.12,177.9,4.78,2.76
BB02,Saint Andrew,sample_0079,234.56,235.32,0.76,0.32
BB02,Saint Andrew,sample_0080,164.73,173.95,9.23,5.6
BB02,Saint Andrew,sample_0081,227.34,232.93,5.59,2.46
BB02,Saint Andrew,sample_0082,182.15,185.78,3.62,1.99
BB02,Saint Andrew,sample_0083,147.0,155.76,8.76,5.96
BB02,Saint Andrew,sample_0084,228.13,232.6,4.47,1.96
BB02,Saint Andrew,sample_0085,233.43,239.53,6.1,2.61
BB02,Saint Andrew,sample_0086,210.03,210.96,0.93,0.44
BB02,Saint Andrew,sample_0087,195.76,197.92,2.17,1.11
BB02,Saint Andrew,sample_0088,233.7,237.2,3.5,1.5
BB02,Saint Andrew,sample_0089,183.43,189.08,5.65,3.08
BB02,Saint Andrew,sample_0090,215.47,224.16,8.69,4.04
BB02,Saint Andrew,sample_0091,204.84,215.75,10.91,5.33
BB02,Saint Andrew,sample_0092,267.9,270.5,2.6,0.97
BB02,Saint Andrew,sample_0093,244.98,254.17,9.18,3.75
BB02,Saint Andrew,sample_0094,286.75,293.59,6.84,2.39
BB02,Saint Andrew,sample_0095,180.28,188.6,8.32,4.61
BB02,Saint Andrew,sample_0096,312.88,318.18,5.3,1.69
BB02,Saint Andrew,sample_0097,17.7,18.77,1.07,6.06
BB02,Saint Andrew,sample_0098,299.9,306.51,6.61,2.2
BB02,Saint Andrew,sample_0099,455.15,437.25,-17.89,-3.93
BB02,Saint Andrew,sample_0100,211.65,217.35,5.7,2.69
BB02,Saint Andrew,sample_0101,346.86,352.23,5.37,1.55
BB02,Saint Andrew,sample_0102,259.49,266.15,6.65,2.56
BB02,Saint Andrew,sample_0103,161.34,162.83,1.48,0.92
BB02,Saint Andrew,sample_0104,94.88,99.07,4.19,4.42
BB02,Saint Andrew,sample_0105,239.85,247.81,7.96,3.32
BB02,Saint Andrew,sample_0106,185.3,194.51,9.21,4.97
BB02,Saint Andrew,sample_0107,337.69,341.66,3.97,1.18
BB02,Saint Andrew,sample_0108,308.19,315.4,7.21,2.34
BB02,Saint Andrew,sample_0109,321.26,324.56,3.3,1.03
BB02,Saint Andrew,sample_0110,273.95,270.81,-3.15,-1.15
BB02,Saint Andrew,sample_0111,306.1,318.05,11.95,3.91
BB02,Saint Andrew,sample_0112,241.25,246.89,5.64,2.34
BB02,Saint Andrew,sample_0113,413.46,419.14,5.69,1.38
BB02,Saint Andrew,sample_0114,281.6,287.76,6.16,2.19
BB02,Saint Andrew,sample_0115,315.58,326.69,11.11,3.52
BB02,Saint Andrew,sample_0116,324.91,330.21,5.3,1.63
BB02,Saint Andrew,sample_0117,303.39,308.46,5.07,1.67
BB02,Saint Andrew,sample_0118,298.68,301.07,2.39,0.8
BB02,Saint Andrew,sample_0119,306.08,312.35,6.26,2.05
BB02,Saint Andrew,sample_0120,359.45,364.86,5.41,1.51
BB02,Saint Andrew,sample_0121,389.91,394.04,4.13,1.06
BB02,Saint Andrew,sample_0122,319.74,332.72,12.98,4.06
BB02,Saint Andrew,sample_0123,358.24,361.05,2.8,0.78
BB02,Saint Andrew,sample_0124,320.44,325.17,4.73,1.48
BB02,Saint Andrew,sample_0125,306.61,314.83,8.22,2.68
BB02,Saint Andrew,sample_0126,201.48,207.76,6.28,3.12
BB02,Saint Andrew,sample_0127,432.98,434.67,1.69,0.39
BB02,Saint Andrew,sample_0128,407.23,403.4,-3.83,-0.94
BB02,Saint Andrew,sample_0129,317.15,321.93,4.78,1.51
BB02,Saint Andrew,sample_0130,332.37,341.48,9.12,2.74
BB02,Saint Andrew,sample_0131,352.49,356.83,4.34,1.23
BB02,Saint Andrew,sample_0132,362.17,366.76,4.59,1.27
BB02,Saint Andrew,sample_0133,440.76,444.93,4.17,0.95
BB02,Saint Andrew,sample_0134,377.14,381.2,4.06,1.08
BB02,Saint Andrew,sample_0135,210.93,210.49,-0.45,-0.21
BB02,Saint Andrew,sample_0136,306.14,313.32,7.17,2.34
BB02,Saint Andrew,sample_0137,257.55,267.75,10.21,3.96
BB02,Saint Andrew,sample_0138,639.04,641.78,2.75,0.43
BB02,Saint Andrew,sample_0139,368.55,369.34,0.79,0.21
BB02,Saint Andrew,sample_0140,395.71,406.98,11.26,2.85
BB02,Saint Andrew,sample_0141,533.65,540.64,7.0,1.31
BB02,Saint Andrew,sample_0142,348.34,346.12,-2.22,-0.64
BB02,Saint Andrew,sample_0143,440.11,448.34,8.23,1.87
BB02,Saint Andrew,sample_0144,360.72,365.4,4.68,1.3
BB02,Saint Andrew,sample_0145,388.5,390.16,1.66,0.43
BB02,Saint Andrew,sample_0146,398.41,407.95,9.55,2.4
BB02,Saint Andrew,sample_0147,499.26,505.46,6.2,1.24
BB02,Saint Andrew,sample_0148,80.74,83.76,3.02,3.75
BB02,Saint Andrew,sample_0149,396.92,399.16,2.24,0.56
BB02,Saint Andrew,sample_0150,444.66,447.04,2.37,0.53
BB02,Saint Andrew,sample_0151,451.28,455.66,4.38,0.97
BB02,Saint Andrew,sample_0152,313.04,321.99,8.95,2.86
BB02,Saint Andrew,sample_0153,361.03,365.79,4.76,1.32
BB02,Saint Andrew,sample_0154,362.25,368.89,6.63,1.83
BB02,Saint Andrew,sample_0155,388.23,394.28,6.05,1.56
BB02,Saint Andrew,sample_0156,313.16,316.99,3.83,1.22
BB02,Saint Andrew,sample_0157,417.9,422.48,4.58,1.09
BB02,Saint Andrew,sample_0158,335.21,336.12,0.91,0.27
BB02,Saint Andrew,sample_0159,456.9,460.58,3.68,0.81
BB02,Saint Andrew,sample_0160,358.28,363.67,5.39,1.51
BB02,Saint Andrew,sample_0161,397.24,403.11,5.87,1.48
BB02,Saint Andrew,sample_0162,502.92,507.66,4.75,0.94
BB02,Saint Andrew,sample_0163,246.39,250.44,4.05,1.64
BB02,Saint Andrew,sample_0164,535.05,540.19,5.13,0.96
BB02,Saint Andrew,sample_0165,553.41,556.85,3.44,0.62
BB02,Saint Andrew,sample_0166,454.47,454.93,0.46,0.1
BB02,Saint Andrew,sample_0167,627.21,631.6,4.4,0.7
BB02,Saint Andrew,sample_0168,631.9,634.68,2.78,0.44
BB02,Saint Andrew,sample_0169,489.27,485.2,-4.07,-0.83
BB02,Saint Andrew,sample_0170,506.97,502.38,-4.59,-0.91
BB02,Saint Andrew,sample_0171,459.23,466.96,7.73,1.68
BB02,Saint Andrew,sample_0172,300.61,306.05,5.43,1.81
BB02,Saint Andrew,sample_0173,454.33,458.42,4.1,0.9
BB02,Saint Andrew,sample_0174,507.01,508.29,1.28,0.25
BB02,Saint Andrew,sample_0175,448.68,454.41,5.73,1.28
BB02,Saint Andrew,sample_0176,482.39,483.19,0.8,0.17
BB02,Saint Andrew,sample_0177,552.23,546.72,-5.51,-1.0
BB02,Saint Andrew,sample_0178,638.65,638.58,-0.07,-0.01
BB02,Saint Andrew,sample_0179,529.53,528.64,-0.89,-0.17
BB02,Saint Andrew,sample_0180,432.18,431.61,-0.57,-0.13
BB02,Saint Andrew,sample_0181,640.77,640.82,0.05,0.01
BB02,Saint Andrew,sample_0182,497.36,503.61,6.26,1.26
BB02,Saint Andrew,sample_0183,558.22,561.92,3.7,0.66
BB02,Saint Andrew,sample_0184,536.61,534.57,-2.04,-0.38
BB02,Saint Andrew,sample_0185,536.61,534.57,-2.04,-0.38
BB02,Saint Andrew,sample_0186,538.8,543.82,5.02,0.93
BB02,Saint Andrew,sample_0187,610.59,618.71,8.12,1.33
BB02,Saint Andrew,sample_0188,522.03,523.58,1.55,0.3
BB02,Saint Andrew,sample_0189,442.45,446.43,3.98,0.9
BB02,Saint Andrew,sample_0190,667.73,670.58,2.86,0.43
BB02,Saint Andrew,sample_0191,464.41,468.35,3.94,0.85
BB02,Saint Andrew,sample_0192,654.36,658.37,4.01,0.61
BB02,Saint Andrew,sample_0193,715.4,721.59,6.18,0.86
BB02,Saint Andrew,sample_0194,779.48,777.94,-1.54,-0.2
BB02,Saint Andrew,sample_0195,811.74,811.86,0.12,0.01
BB02,Saint Andrew,sample_0196,728.49,726.54,-1.95,-0.27
BB02,Saint Andrew,sample_0197,660.35,657.95,-2.39,-0.36
BB02,Saint Andrew,sample_0198,593.52,595.37,1.85,0.31
BB02,Saint Andrew,sample_0199,929.33,930.39,1.05,0.11
BB02,Saint Andrew,sample_0200,752.01,751.36,-0.65,-0.09
BB03,Saint George,sample_0001,879.15,881.1,1.95,0.22
BB03,Saint George,sample_0002,0.0,0.21,0.21,
BB03,Saint George,sample_0003,0.0,0.03,0.03,
BB03,Saint George,sample_0004,0.0,1.25,1.25,
BB03,Saint George,sample_0005,0.0,1.85,1.85,
BB03,Saint George,sample_0006,3.76,7.21,3.45,91.62
BB03,Saint George,sample_0007,1.19,2.3,1.11,92.7
BB03,Saint George,sample_0008,11.31,12.05,0.73,6.49
BB03,Saint George,sample_0009,8.2,11.14,2.94,35.89
BB03,Saint George,sample_0010,5.08,6.6,1.51,29.81
BB03,Saint George,sample_0011,0.0,0.0,0.0,
BB03,Saint George,sample_0012,16.61,20.02,3.41,20.51
BB03,Saint George,sample_0013,12.49,16.83,4.34,34.75
BB03,Saint George,sample_0014,8.24,10.13,1.89,22.99
BB03,Saint George,sample_0015,11.4,16.25,4.85,42.53
BB03,Saint George,sample_0016,0.38,5.83,5.45,1436.85
BB03,Saint George,sample_0017,11.94,18.35,6.41,53.69
BB03,Saint George,sample_0018,0.0,0.0,0.0,
BB03,Saint George,sample_0019,35.88,41.04,5.16,14.38
BB03,Saint George,sample_0020,41.13,45.52,4.4,10.69
BB03,Saint George,sample_0021,20.28,22.7,2.42,11.91
BB03,Saint George,sample_0022,35.57,38.62,3.05,8.59
BB03,Saint George,sample_0023,20.91,26.42,5.51,26.32
BB03,Saint George,sample_0024,74.13,77.37,3.24,4.37
BB03,Saint George,sample_0025,63.84,67.1,3.26,5.11
BB03,Saint George,sample_0026,49.89,55.99,6.1,12.22
BB03,Saint George,sample_0027,42.93,43.83,0.91,2.11
BB03,Saint George,sample_0028,46.96,52.45,5.49,11.7
BB03,Saint George,sample_0029,0.0,0.12,0.12,
BB03,Saint George,sample_0030,54.97,58.63,3.65,6.65
BB03,Saint George,sample_0031,107.32,110.42,3.1,2.89
BB03,Saint George,sample_0032,115.81,121.03,5.21,4.5
BB03,Saint George,sample_0033,130.62,133.87,3.25,2.49
BB03,Saint George,sample_0034,156.84,159.52,2.68,1.71
BB03,Saint George,sample_0035,90.73,94.48,3.75,4.14
BB03,Saint George,sample_0036,100.81,103.14,2.33,2.31
BB03,Saint George,sample_0037,64.92,72.01,7.09,10.91
BB03,Saint George,sample_0038,93.98,102.92,8.94,9.51
BB03,Saint George,sample_0039,77.06,85.5,8.44,10.95
BB03,Saint George,sample_0040,166.31,177.84,11.52,6.93
BB03,Saint George,sample_0041,85.14,89.73,4.59,5.4
BB03,Saint George,sample_0042,72.11,79.07,6.96,9.66
BB03,Saint George,sample_0043,114.55,119.17,4.62,4.03
BB03,Saint George,sample_0044,151.78,157.0,5.22,3.44
BB03,Saint George,sample_0045,114.22,121.19,6.97,6.1
BB03,Saint George,sample_0046,86.7,93.11,6.41,7.4
BB03,Saint George,sample_0047,31.42,34.56,3.13,9.97
BB03,Saint George,sample_0048,138.25,141.62,3.37,2.44
BB03,Saint George,sample_0049,115.39,117.61,2.22,1.92
BB03,Saint George,sample_0050,189.34,195.76,6.43,3.4
BB03,Saint George,sample_0051,156.29,165.36,9.07,5.8
BB03,Saint George,sample_0052,135.32,139.95,4.63,3.42
BB03,Saint George,sample_0053,63.44,67.83,4.38,6.91
BB03,Saint George,sample_0054,142.53,148.25,5.73,4.02
BB03,Saint George,sample_0055,92.49,98.03,5.54,5.99
BB03,Saint George,sample_0056,88.63,91.98,3.35,3.78
BB03,Saint George,sample_0057,173.45,177.08,3.64,2.1
BB03,Saint George,sample_0058,52.52,56.42,3.9,7.42
BB03,Saint George,sample_0059,177.44,178.68,1.24,0.7
BB03,Saint George,sample_0060,216.04,217.9,1.86,0.86
BB03,Saint George,sample_0061,231.53,237.58,6.06,2.62
BB03,Saint George,sample_0062,172.68,177.16,4.48,2.59
BB03,Saint George,sample_0063,134.67,151.57,16.9,12.55
BB03,Saint George,sample_0064,224.28,227.12,2.84,1.27
BB03,Saint George,sample_0065,14.11,18.3,4.19,29.71
BB03,Saint George,sample_0066,159.46,175.6,16.14,10.12
BB03,Saint George,sample_0067,204.81,209.32,4.51,2.2
BB03,Saint George,sample_0068,165.09,175.37,10.27,6.22
BB03,Saint George,sample_0069,197.61,205.03,7.43,3.76
BB03,Saint George,sample_0070,209.66,213.45,3.79,1.81
BB03,Saint George,sample_0071,205.69,208.02,2.33,1.13
BB03,Saint George,sample_0072,237.92,243.47,5.56,2.34
BB03,Saint George,sample_0073,191.22,192.25,1.04,0.54
BB03,Saint George,sample_0074,166.17,175.39,9.23,5.55
BB03,Saint George,sample_0075,192.37,200.39,8.02,4.17
BB03,Saint George,sample_0076,220.55,223.74,3.19,1.45
BB03,Saint George,sample_0077,240.17,241.71,1.54,0.64
BB03,Saint George,sample_0078,189.32,192.94,3.62,1.91
BB03,Saint George,sample_0079,191.07,191.98,0.91,0.48
BB03,Saint George,sample_0080,240.42,249.42,9.01,3.75
BB03,Saint George,sample_0081,212.17,217.39,5.23,2.46
BB03,Saint George,sample_0082,186.15,186.64,0.49,0.26
BB03,Saint George,sample_0083,276.44,279.73,3.29,1.19
BB03,Saint George,sample_0084,202.25,208.47,6.22,3.08
BB03,Saint George,sample_0085,185.86,194.92,9.05,4.87
BB03,Saint George,sample_0086,208.03,219.82,11.79,5.67
BB03,Saint George,sample_0087,207.46,213.84,6.38,3.07
BB03,Saint George,sample_0088,214.43,220.01,5.58,2.6
BB03,Saint George,sample_0089,228.14,234.14,6.0,2.63
BB03,Saint George,sample_0090,268.02,273.78,5.76,2.15
BB03,Saint George,sample_0091,197.13,204.69,7.56,3.84
BB03,Saint George,sample_0092,172.24,175.91,3.66,2.13
BB03,Saint George,sample_0093,204.26,215.59,11.33,5.55
BB03,Saint George,sample_0094,319.48,327.3,7.81,2.45
BB03,Saint George,sample_0095,228.59,234.75,6.15,2.69
BB03,Saint George,sample_0096,265.2,270.41,5.21,1.97
BB03,Saint George,sample_0097,65.36,67.52,2.17,3.31
BB03,Saint George,sample_0098,267.36,276.62,9.26,3.46
BB03,Saint George,sample_0099,255.99,254.52,-1.48,-0.58
BB03,Saint George,sample_0100,192.74,203.93,11.2,5.81
BB03,Saint George,sample_0101,315.92,321.6,5.67,1.8
BB03,Saint George,sample_0102,356.24,363.43,7.18,2.02
BB03,Saint George,sample_0103,254.1,259.9,5.8,2.28
BB03,Saint George,sample_0104,122.13,123.5,1.37,1.12
BB03,Saint George,sample_0105,265.51,271.9,6.39,2.41
BB03,Saint George,sample_0106,311.98,320.92,8.94,2.86
BB03,Saint George,sample_0107,235.73,239.22,3.49,1.48
BB03,Saint George,sample_0108,344.74,347.86,3.12,0.9
BB03,Saint George,sample_0109,293.63,298.94,5.31,1.81
BB03,Saint George,sample_0110,321.36,322.07,0.71,0.22
BB03,Saint George,sample_0111,304.02,311.83,7.81,2.57
BB03,Saint George,sample_0112,369.94,376.98,7.05,1.9
BB03,Saint George,sample_0113,332.98,336.72,3.75,1.13
BB03,Saint George,sample_0114,266.59,275.38,8.79,3.3
BB03,Saint George,sample_0115,339.14,342.51,3.37,0.99
BB03,Saint George,sample_0116,414.47,418.92,4.45,1.07
BB03,Saint George,sample_0117,432.9,437.47,4.57,1.06
BB03,Saint George,sample_0118,277.71,281.4,3.69,1.33
BB03,Saint George,sample_0119,279.54,289.86,10.32,3.69
BB03,Saint George,sample_0120,352.94,358.28,5.33,1.51
BB03,Saint George,sample_0121,468.83,476.85,8.01,1.71
BB03,Saint George,sample_0122,299.94,303.87,3.93,1.31
BB03,Saint George,sample_0123,350.23,355.91,5.67,1.62
BB03,Saint George,sample_0124,341.82,346.06,4.24,1.24
BB03,Saint George,sample_0125,369.33,375.68,6.35,1.72
BB03,Saint George,sample_0126,357.35,364.36,7.01,1.96
BB03,Saint George,sample_0127,451.42,456.34,4.92,1.09
BB03,Saint George,sample_0128,188.12,199.71,11.59,6.16
BB03,Saint George,sample_0129,427.85,433.96,6.11,1.43
BB03,Saint George,sample_0130,341.36,348.42,7.06,2.07
BB03,Saint George,sample_0131,389.35,394.17,4.82,1.24
BB03,Saint George,sample_0132,466.83,468.9,2.07,0.44
BB03,Saint George,sample_0133,431.72,432.02,0.3,0.07
BB03,Saint George,sample_0134,307.26,307.15,-0.11,-0.04
BB03,Saint George,sample_0135,353.55,355.08,1.53,0.43
BB03,Saint George,sample_0136,387.58,389.73,2.15,0.55
BB03,Saint George,sample_0137,450.57,453.39,2.82,0.63
BB03,Saint George,sample_0138,367.56,367.38,-0.18,-0.05
BB03,Saint George,sample_0139,297.5,302.71,5.21,1.75
BB03,Saint George,sample_0140,436.81,446.4,9.58,2.19
BB03,Saint George,sample_0141,360.43,360.88,0.45,0.12
BB03,Saint George,sample_0142,357.74,366.72,8.98,2.51
BB03,Saint George,sample_0143,353.21,357.18,3.98,1.13
BB03,Saint George,sample_0144,617.77,620.51,2.74,0.44
BB03,Saint George,sample_0145,389.52,394.47,4.95,1.27
BB03,Saint George,sample_0146,460.59,469.46,8.87,1.93
BB03,Saint George,sample_0147,366.49,373.49,7.01,1.91
BB03,Saint George,sample_0148,123.41,123.14,-0.26,-0.21
BB03,Saint George,sample_0149,358.41,363.31,4.89,1.37
BB03,Saint George,sample_0150,395.13,399.75,4.62,1.17
BB03,Saint George,sample_0151,395.53,406.15,10.62,2.68
BB03,Saint George,sample_0152,461.09,464.71,3.62,0.79
BB03,Saint George,sample_0153,398.83,404.74,5.91,1.48
BB03,Saint George,sample_0154,308.53,313.9,5.37,1.74
BB03,Saint George,sample_0155,395.27,403.6,8.34,2.11
BB03,Saint George,sample_0156,418.34,423.37,5.03,1.2
BB03,Saint George,sample_0157,396.01,405.42,9.4,2.37
BB03,Saint George,sample_0158,401.83,409.66,7.84,1.95
BB03,Saint George,sample_0159,414.87,418.24,3.37,0.81
BB03,Saint George,sample_0160,485.09,482.98,-2.11,-0.44
BB03,Saint George,sample_0161,392.8,390.66,-2.14,-0.54
BB03,Saint George,sample_0162,298.39,298.7,0.31,0.1
BB03,Saint George,sample_0163,476.33,478.92,2.59,0.54
BB03,Saint George,sample_0164,511.85,516.75,4.9,0.96
BB03,Saint George,sample_0165,358.46,361.59,3.13,0.87
BB03,Saint George,sample_0166,355.08,361.59,6.51,1.83
BB03,Saint George,sample_0167,493.3,501.28,7.98,1.62
BB03,Saint George,sample_0168,432.15,437.03,4.88,1.13
BB03,Saint George,sample_0169,424.95,427.95,3.0,0.71
BB03,Saint George,sample_0170,416.46,420.2,3.74,0.9
BB03,Saint George,sample_0171,494.95,495.33,0.38,0.08
BB03,Saint George,sample_0172,546.99,547.29,0.3,0.06
BB03,Saint George,sample_0173,397.74,398.72,0.98,0.25
BB03,Saint George,sample_0174,517.22,517.67,0.45,0.09
BB03,Saint George,sample_0175,461.92,459.93,-1.99,-0.43
BB03,Saint George,sample_0176,532.42,535.13,2.71,0.51
BB03,Saint George,sample_0177,520.98,518.67,-2.3,-0.44
BB03,Saint George,sample_0178,697.42,699.17,1.75,0.25
BB03,Saint George,sample_0179,484.98,493.59,8.62,1.78
BB03,Saint George,sample_0180,565.9,565.06,-0.84,-0.15
BB03,Saint George,sample_0181,580.68,588.25,7.57,1.3
BB03,Saint George,sample_0182,618.8,620.21,1.41,0.23
BB03,Saint George,sample_0183,514.77,522.1,7.33,1.42
BB03,Saint George,sample_0184,500.37,503.76,3.39,0.68
BB03,Saint George,sample_0185,500.37,503.76,3.39,0.68
BB03,Saint George,sample_0186,492.74,498.1,5.37,1.09
BB03,Saint George,sample_0187,657.67,663.92,6.25,0.95
BB03,Saint George,sample_0188,670.36,670.8,0.44,0.07
BB03,Saint George,sample_0189,515.24,517.5,2.25,0.44
BB03,Saint George,sample_0190,592.42,591.67,-0.75,-0.13
BB03,Saint George,sample_0191,587.0,587.36,0.36,0.06
BB03,Saint George,sample_0192,534.08,535.63,1.55,0.29
BB03,Saint George,sample_0193,602.41,604.89,2.48,0.41
BB03,Saint George,sample_0194,541.59,542.08,0.49,0.09
BB03,Saint George,sample_0195,551.53,554.24,2.71,0.49
BB03,Saint George,sample_0196,870.56,872.41,1.85,0.21
BB03,Saint George,sample_0197,953.11,950.29,-2.82,-0.3
BB03,Saint George,sample_0198,901.98,903.72,1.74,0.19
BB03,Saint George,sample_0199,747.82,749.87,2.05,0.27
BB03,Saint George,sample_0200,902.21,902.98,0.77,0.08
BB04,Saint James,sample_0001,804.38,809.65,5.27,0.66
BB04,Saint James,sample_0002,0.0,0.38,0.38,
BB04,Saint James,sample_0003,0.0,0.01,0.01,
BB04,Saint James,sample_0004,0.0,1.39,1.39,
BB04,Saint James,sample_0005,0.0,2.42,2.42,
BB04,Saint James,sample_0006,7.28,11.37,4.09,56.15
BB04,Saint James,sample_0007,4.39,6.54,2.15,48.88
BB04,Saint James,sample_0008,5.05,7.66,2.61,51.58
BB04,Saint James,sample_0009,3.8,7.61,3.81,100.13
BB04,Saint James,sample_0010,2.2,3.33,1.13,51.24
BB04,Saint James,sample_0011,0.0,0.0,0.0,
BB04,Saint James,sample_0012,20.48,22.51,2.03,9.93
BB04,Saint James,sample_0013,23.71,30.75,7.04,29.69
BB04,Saint James,sample_0014,28.05,32.62,4.57,16.31
BB04,Saint James,sample_0015,18.59,21.51,2.92,15.71
BB04,Saint James,sample_0016,6.99,11.64,4.65,66.51
BB04,Saint James,sample_0017,16.73,21.82,5.09,30.43
BB04,Saint James,sample_0018,0.0,0.0,0.0,
BB04,Saint James,sample_0019,46.6,51.25,4.65,9.97
BB04,Saint James,sample_0020,25.38,29.62,4.24,16.69
BB04,Saint James,sample_0021,40.63,42.94,2.31,5.69
BB04,Saint James,sample_0022,24.07,28.11,4.05,16.81
BB04,Saint James,sample_0023,12.52,20.34,7.82,62.44
BB04,Saint James,sample_0024,46.56,48.32,1.76,3.78
BB04,Saint James,sample_0025,62.26,64.79,2.53,4.06
BB04,Saint James,sample_0026,53.86,60.66,6.8,12.62
BB04,Saint James,sample_0027,47.49,51.2,3.71,7.82
BB04,Saint James,sample_0028,45.7,50.42,4.72,10.33
BB04,Saint James,sample_0029,0.0,0.12,0.12,
BB04,Saint James,sample_0030,75.92,81.32,5.4,7.11
BB04,Saint James,sample_0031,149.02,150.35,1.33,0.89
BB04,Saint James,sample_0032,76.13,81.74,5.61,7.37
BB04,Saint James,sample_0033,81.02,84.23,3.21,3.97
BB04,Saint James,sample_0034,104.15,108.32,4.17,4.01
BB04,Saint James,sample_0035,67.66,68.92,1.26,1.87
BB04,Saint James,sample_0036,101.71,104.97,3.27,3.21
BB04,Saint James,sample_0037,124.81,131.32,6.52,5.22
BB04,Saint James,sample_0038,91.6,101.58,9.97,10.89
BB04,Saint James,sample_0039,72.91,82.03,9.12,12.51
BB04,Saint James,sample_0040,77.01,80.17,3.17,4.11
BB04,Saint James,sample_0041,100.37,103.91,3.54,3.52
BB04,Saint James,sample_0042,102.63,109.12,6.49,6.33
BB04,Saint James,sample_0043,77.28,85.92,8.64,11.18
BB04,Saint James,sample_0044,103.58,106.16,2.58,2.49
BB04,Saint James,sample_0045,105.75,114.2,8.44,7.99
BB04,Saint James,sample_0046,144.43,150.81,6.37,4.41
BB04,Saint James,sample_0047,130.46,134.08,3.62,2.78
BB04,Saint James,sample_0048,117.78,122.61,4.82,4.1
BB04,Saint James,sample_0049,137.42,142.73,5.31,3.86
BB04,Saint James,sample_0050,132.21,138.09,5.89,4.45
BB04,Saint James,sample_0051,171.31,182.84,11.53,6.73
BB04,Saint James,sample_0052,79.81,85.81,6.01,7.53
BB04,Saint James,sample_0053,179.6,184.6,5.0,2.79
BB04,Saint James,sample_0054,183.46,184.96,1.5,0.82
BB04,Saint James,sample_0055,188.63,191.27,2.63,1.4
BB04,Saint James,sample_0056,162.65,165.84,3.19,1.96
BB04,Saint James,sample_0057,173.5,179.87,6.37,3.67
BB04,Saint James,sample_0058,30.21,31.25,1.04,3.45
BB04,Saint James,sample_0059,128.94,129.37,0.43,0.33
BB04,Saint James,sample_0060,205.09,211.53,6.45,3.14
BB04,Saint James,sample_0061,222.1,231.93,9.83,4.43
BB04,Saint James,sample_0062,151.26,156.19,4.93,3.26
BB04,Saint James,sample_0063,117.41,130.37,12.96,11.04
BB04,Saint James,sample_0064,264.09,263.57,-0.51,-0.19
BB04,Saint James,sample_0065,13.29,16.72,3.43,25.8
BB04,Saint James,sample_0066,157.43,170.86,13.43,8.53
BB04,Saint James,sample_0067,205.28,214.28,9.0,4.38
BB04,Saint James,sample_0068,254.38,264.2,9.82,3.86
BB04,Saint James,sample_0069,230.77,238.06,7.29,3.16
BB04,Saint James,sample_0070,175.15,178.61,3.45,1.97
BB04,Saint James,sample_0071,250.92,253.09,2.17,0.87
BB04,Saint James,sample_0072,266.36,273.69,7.33,2.75
BB04,Saint James,sample_0073,284.69,290.84,6.16,2.16
BB04,Saint James,sample_0074,214.7,216.68,1.98,0.92
BB04,Saint James,sample_0075,250.29,255.81,5.52,2.21
BB04,Saint James,sample_0076,191.82,192.7,0.89,0.46
BB04,Saint James,sample_0077,234.58,235.82,1.24,0.53
BB04,Saint James,sample_0078,133.01,136.87,3.86,2.9
BB04,Saint James,sample_0079,173.13,174.55,1.43,0.82
BB04,Saint James,sample_0080,162.64,176.56,13.93,8.56
BB04,Saint James,sample_0081,211.68,217.3,5.62,2.65
BB04,Saint James,sample_0082,153.68,158.54,4.85,3.16
BB04,Saint James,sample_0083,132.29,140.11,7.81,5.91
BB04,Saint James,sample_0084,228.99,232.78,3.79,1.65
BB04,Saint James,sample_0085,296.37,297.59,1.23,0.41
BB04,Saint James,sample_0086,292.62,301.95,9.33,3.19
BB04,Saint James,sample_0087,144.65,150.63,5.98,4.13
BB04,Saint James,sample_0088,208.86,211.21,2.35,1.12
BB04,Saint James,sample_0089,241.37,247.61,6.24,2.59
BB04,Saint James,sample_0090,217.54,223.99,6.45,2.96
BB04,Saint James,sample_0091,215.42,224.67,9.24,4.29
BB04,Saint James,sample_0092,283.33,283.63,0.3,0.11
BB04,Saint James,sample_0093,169.54,180.27,10.73,6.33
BB04,Saint James,sample_0094,306.1,307.47,1.37,0.45
BB04,Saint James,sample_0095,121.98,130.48,8.5,6.97
BB04,Saint James,sample_0096,319.41,321.41,2.01,0.63
BB04,Saint James,sample_0097,40.11,42.34,2.23,5.56
BB04,Saint James,sample_0098,283.76,290.13,6.38,2.25
BB04,Saint James,sample_0099,406.14,379.35,-26.8,-6.6
BB04,Saint James,sample_0100,182.5,188.61,6.1,3.35
BB04,Saint James,sample_0101,366.55,371.65,5.11,1.39
BB04,Saint James,sample_0102,222.44,231.84,9.4,4.22
BB04,Saint James,sample_0103,274.9,279.27,4.37,1.59
BB04,Saint James,sample_0104,100.9,105.53,4.62,4.58
BB04,Saint James,sample_0105,247.51,247.13,-0.38,-0.15
BB04,Saint James,sample_0106,263.82,271.97,8.16,3.09
BB04,Saint James,sample_0107,324.75,327.76,3.02,0.93
BB04,Saint James,sample_0108,265.6,273.79,8.19,3.08
BB04,Saint James,sample_0109,313.35,317.93,4.58,1.46
BB04,Saint James,sample_0110,312.3,310.33,-1.97,-0.63
BB04,Saint James,sample_0111,245.54,255.07,9.52,3.88
BB04,Saint James,sample_0112,213.76,219.06,5.3,2.48
BB04,Saint James,sample_0113,391.57,399.22,7.65,1.95
BB04,Saint James,sample_0114,299.09,304.27,5.18,1.73
BB04,Saint James,sample_0115,348.51,354.11,5.6,1.61
BB04,Saint James,sample_0116,379.78,389.75,9.96,2.62
BB04,Saint James,sample_0117,233.3,235.96,2.66,1.14
BB04,Saint James,sample_0118,336.48,344.67,8.2,2.44
BB04,Saint James,sample_0119,291.38,296.6,5.22,1.79
BB04,Saint James,sample_0120,331.89,335.43,3.54,1.07
BB04,Saint James,sample_0121,370.04,373.72,3.67,0.99
BB04,Saint James,sample_0122,309.45,313.36,3.91,1.26
BB04,Saint James,sample_0123,288.91,295.03,6.11,2.12
BB04,Saint James,sample_0124,253.52,261.56,8.04,3.17
BB04,Saint James,sample_0125,348.7,354.78,6.09,1.75
BB04,Saint James,sample_0126,388.45,393.04,4.59,1.18
BB04,Saint James,sample_0127,310.36,314.62,4.26,1.37
BB04,Saint James,sample_0128,302.81,308.04,5.23,1.73
BB04,Saint James,sample_0129,265.7,269.96,4.26,1.6
BB04,Saint James,sample_0130,259.65,270.49,10.84,4.18
BB04,Saint James,sample_0131,280.81,280.35,-0.46,-0.16
BB04,Saint James,sample_0132,236.57,238.65,2.08,0.88
BB04,Saint James,sample_0133,386.46,390.57,4.11,1.06
BB04,Saint James,sample_0134,350.43,354.71,4.28,1.22
BB04,Saint James,sample_0135,172.36,178.19,5.83,3.38
BB04,Saint James,sample_0136,376.95,386.39,9.45,2.51
BB04,Saint James,sample_0137,212.18,220.3,8.12,3.83
BB04,Saint James,sample_0138,449.25,449.9,0.65,0.14
BB04,Saint James,sample_0139,430.6,428.71,-1.9,-0.44
BB04,Saint James,sample_0140,334.69,341.92,7.22,2.16
BB04,Saint James,sample_0141,266.32,272.77,6.45,2.42
BB04,Saint James,sample_0142,295.58,306.45,10.87,3.68
BB04,Saint James,sample_0143,387.01,389.49,2.47,0.64
BB04,Saint James,sample_0144,288.05,291.45,3.4,1.18
BB04,Saint James,sample_0145,425.74,427.93,2.19,0.52
BB04,Saint James,sample_0146,369.03,379.2,10.17,2.76
BB04,Saint James,sample_0147,423.03,430.31,7.27,1.72
BB04,Saint James,sample_0148,95.39,98.56,3.17,3.33
BB04,Saint James,sample_0149,315.08,318.6,3.52,1.12
BB04,Saint James,sample_0150,428.91,441.8,12.89,3.0
BB04,Saint James,sample_0151,463.34,468.69,5.35,1.15
BB04,Saint James,sample_0152,399.78,403.45,3.67,0.92
BB04,Saint James,sample_0153,492.34,497.6,5.27,1.07
BB04,Saint James,sample_0154,309.71,316.4,6.69,2.16
BB04,Saint James,sample_0155,545.57,548.92,3.36,0.62
BB04,Saint James,sample_0156,311.54,317.85,6.32,2.03
BB04,Saint James,sample_0157,420.75,427.35,6.6,1.57
BB04,Saint James,sample_0158,475.76,478.74,2.98,0.63
BB04,Saint James,sample_0159,398.44,400.6,2.16,0.54
BB04,Saint James,sample_0160,452.35,459.08,6.73,1.49
BB04,Saint James,sample_0161,469.01,473.14,4.13,0.88
BB04,Saint James,sample_0162,384.45,389.0,4.55,1.18
BB04,Saint James,sample_0163,421.39,427.08,5.7,1.35
BB04,Saint James,sample_0164,515.35,517.69,2.33,0.45
BB04,Saint James,sample_0165,375.96,380.16,4.2,1.12
BB04,Saint James,sample_0166,449.78,454.57,4.79,1.07
BB04,Saint James,sample_0167,432.7,440.25,7.54,1.74
BB04,Saint James,sample_0168,505.56,507.15,1.59,0.31
BB04,Saint James,sample_0169,516.86,519.14,2.28,0.44
BB04,Saint James,sample_0170,526.48,527.29,0.81,0.15
BB04,Saint James,sample_0171,444.05,441.58,-2.47,-0.56
BB04,Saint James,sample_0172,277.45,278.7,1.25,0.45
BB04,Saint James,sample_0173,508.51,509.71,1.2,0.24
BB04,Saint James,sample_0174,465.73,468.86,3.13,0.67
BB04,Saint James,sample_0175,388.35,394.11,5.76,1.48
BB04,Saint James,sample_0176,618.93,620.06,1.14,0.18
BB04,Saint James,sample_0177,550.22,547.03,-3.18,-0.58
BB04,Saint James,sample_0178,689.07,689.08,0.01,0.0
BB04,Saint James,sample_0179,398.77,400.05,1.28,0.32
BB04,Saint James,sample_0180,369.98,370.38,0.4,0.11
BB04,Saint James,sample_0181,583.15,585.75,2.6,0.45
BB04,Saint James,sample_0182,491.22,494.5,3.29,0.67
BB04,Saint James,sample_0183,631.83,632.86,1.03,0.16
BB04,Saint James,sample_0184,417.26,422.34,5.08,1.22
BB04,Saint James,sample_0185,417.26,422.34,5.08,1.22
BB04,Saint James,sample_0186,413.12,414.64,1.52,0.37
BB04,Saint James,sample_0187,620.44,622.66,2.22,0.36
BB04,Saint James,sample_0188,828.63,830.63,1.99,0.24
BB04,Saint James,sample_0189,635.74,638.62,2.88,0.45
BB04,Saint James,sample_0190,589.58,588.09,-1.49,-0.25
BB04,Saint James,sample_0191,714.72,718.1,3.37,0.47
BB04,Saint James,sample_0192,649.34,653.15,3.81,0.59
BB04,Saint James,sample_0193,588.15,593.46,5.31,0.9
BB04,Saint James,sample_0194,669.67,670.23,0.56,0.08
BB04,Saint James,sample_0195,633.96,638.9,4.95,0.78
BB04,Saint James,sample_0196,909.02,909.41,0.39,0.04
BB04,Saint James,sample_0197,738.36,742.72,4.36,0.59
BB04,Saint James,sample_0198,801.71,802.82,1.12,0.14
BB04,Saint James,sample_0199,847.29,846.05,-1.24,-0.15
BB04,Saint James,sample_0200,988.45,989.32,0.87,0.09
BB05,Saint John,sample_0001,1033.04,1038.05,5.01,0.48
BB05,Saint John,sample_0002,0.0,0.11,0.11,
BB05,Saint John,sample_0003,0.0,0.14,0.14,
BB05,Saint John,sample_0004,0.0,2.13,2.13,
BB05,Saint John,sample_0005,0.0,1.73,1.73,
BB05,Saint John,sample_0006,0.6,4.36,3.76,626.97
BB05,Saint John,sample_0007,2.76,5.29,2.54,92.04
BB05,Saint John,sample_0008,8.51,9.95,1.44,16.97
BB05,Saint John,sample_0009,15.93,17.95,2.02,12.7
BB05,Saint John,sample_0010,11.21,12.25,1.04,9.27
BB05,Saint John,sample_0011,0.0,0.0,0.0,
BB05,Saint John,sample_0012,16.07,17.99,1.91,11.89
BB05,Saint John,sample_0013,16.78,20.46,3.68,21.94
BB05,Saint John,sample_0014,9.8,13.63,3.83,39.06
BB05,Saint John,sample_0015,6.78,10.34,3.56,52.54
BB05,Saint John,sample_0016,5.89,8.89,3.0,50.98
BB05,Saint John,sample_0017,10.07,15.77,5.7,56.63
BB05,Saint John,sample_0018,0.0,0.0,0.0,
BB05,Saint John,sample_0019,41.26,48.79,7.54,18.27
BB05,Saint John,sample_0020,19.52,27.95,8.43,43.19
BB05,Saint John,sample_0021,32.49,35.92,3.43,10.55
BB05,Saint John,sample_0022,39.46,43.77,4.3,10.91
BB05,Saint John,sample_0023,42.3,49.22,6.93,16.38
BB05,Saint John,sample_0024,74.93,79.18,4.25,5.67
BB05,Saint John,sample_0025,64.53,70.82,6.3,9.76
BB05,Saint John,sample_0026,39.05,42.62,3.57,9.14
BB05,Saint John,sample_0027,40.01,39.82,-0.18,-0.46
BB05,Saint John,sample_0028,55.93,61.96,6.03,10.78
BB05,Saint John,sample_0029,0.0,0.05,0.05,
BB05,Saint John,sample_0030,41.05,45.92,4.87,11.86
BB05,Saint John,sample_0031,72.55,74.75,2.21,3.04
BB05,Saint John,sample_0032,123.52,128.86,5.35,4.33
BB05,Saint John,sample_0033,149.08,150.86,1.77,1.19
BB05,Saint John,sample_0034,114.98,116.34,1.36,1.18
BB05,Saint John,sample_0035,70.53,75.53,5.0,7.09
BB05,Saint John,sample_0036,106.47,111.27,4.79,4.5
BB05,Saint John,sample_0037,79.43,87.59,8.16,10.27
BB05,Saint John,sample_0038,87.4,94.84,7.44,8.51
BB05,Saint John,sample_0039,77.29,85.87,8.58,11.1
BB05,Saint John,sample_0040,217.89,232.21,14.32,6.57
BB05,Saint John,sample_0041,107.84,107.91,0.07,0.07
BB05,Saint John,sample_0042,85.02,94.16,9.14,10.75
BB05,Saint John,sample_0043,129.72,135.6,5.88,4.54
BB05,Saint John,sample_0044,146.19,149.75,3.56,2.43
BB05,Saint John,sample_0045,83.82,89.74,5.92,7.06
BB05,Saint John,sample_0046,91.38,100.49,9.11,9.97
BB05,Saint John,sample_0047,66.4,69.69,3.3,4.97
BB05,Saint John,sample_0048,117.36,120.23,2.88,2.45
BB05,Saint John,sample_0049,98.0,101.48,3.48,3.55
BB05,Saint John,sample_0050,165.41,168.8,3.39,2.05
BB05,Saint John,sample_0051,127.64,137.3,9.66,7.56
BB05,Saint John,sample_0052,166.01,172.03,6.02,3.63
BB05,Saint John,sample_0053,103.28,105.35,2.07,2.01
BB05,Saint John,sample_0054,126.71,132.34,5.63,4.44
BB05,Saint John,sample_0055,93.58,98.99,5.41,5.78
BB05,Saint John,sample_0056,110.68,113.7,3.02,2.73
BB05,Saint John,sample_0057,124.39,130.66,6.28,5.05
BB05,Saint John,sample_0058,45.48,49.33,3.86,8.48
BB05,Saint John,sample_0059,212.78,214.84,2.06,0.97
BB05,Saint John,sample_0060,185.25,187.67,2.42,1.31
BB05,Saint John,sample_0061,241.66,246.33,4.67,1.93
BB05,Saint John,sample_0062,155.9,161.14,5.24,3.36
BB05,Saint John,sample_0063,121.33,132.82,11.49,9.47
BB05,Saint John,sample_0064,158.09,160.42,2.33,1.47
BB05,Saint John,sample_0065,16.88,21.93,5.05,29.93
BB05,Saint John,sample_0066,159.91,179.23,19.32,12.08
BB05,Saint John,sample_0067,169.46,178.06,8.6,5.07
BB05,Saint John,sample_0068,196.46,201.49,5.03,2.56
BB05,Saint John,sample_0069,157.75,165.66,7.91,5.01
BB05,Saint John,sample_0070,202.49,203.37,0.88,0.43
BB05,Saint John,sample_0071,149.09,154.66,5.57,3.74
BB05,Saint John,sample_0072,136.74,144.39,7.65,5.6
BB05,Saint John,sample_0073,206.56,210.26,3.7,1.79
BB05,Saint John,sample_0074,168.67,178.24,9.57,5.68
BB05,Saint John,sample_0075,144.28,156.62,12.35,8.56
BB05,Saint John,sample_0076,182.89,190.11,7.22,3.95
BB05,Saint John,sample_0077,249.98,255.29,5.31,2.13
BB05,Saint John,sample_0078,270.93,270.06,-0.87,-0.32
BB05,Saint John,sample_0079,235.95,236.65,0.7,0.3
BB05,Saint John,sample_0080,171.5,185.56,14.05,8.19
BB05,Saint John,sample_0081,172.97,180.39,7.43,4.29
BB05,Saint John,sample_0082,192.78,196.39,3.61,1.87
BB05,Saint John,sample_0083,233.03,240.83,7.8,3.35
BB05,Saint John,sample_0084,258.47,261.87,3.41,1.32
BB05,Saint John,sample_0085,131.92,135.85,3.92,2.97
BB05,Saint John,sample_0086,157.23,164.16,6.93,4.41
BB05,Saint John,sample_0087,287.84,289.86,2.02,0.7
BB05,Saint John,sample_0088,243.57,250.75,7.18,2.95
BB05,Saint John,sample_0089,220.05,225.78,5.73,2.6
BB05,Saint John,sample_0090,247.12,249.14,2.02,0.82
BB05,Saint John,sample_0091,211.09,221.35,10.26,4.86
BB05,Saint John,sample_0092,189.65,191.66,2.01,1.06
BB05,Saint John,sample_0093,220.91,227.16,6.24,2.83
BB05,Saint John,sample_0094,315.19,320.91,5.72,1.82
BB05,Saint John,sample_0095,302.42,312.8,10.38,3.43
BB05,Saint John,sample_0096,313.85,319.79,5.94,1.89
BB05,Saint John,sample_0097,44.28,46.54,2.25,5.09
BB05,Saint John,sample_0098,249.64,258.82,9.18,3.68
BB05,Saint John,sample_0099,203.1,206.63,3.54,1.74
BB05,Saint John,sample_0100,221.84,235.25,13.4,6.04
BB05,Saint John,sample_0101,283.05,288.35,5.3,1.87
BB05,Saint John,sample_0102,457.77,460.64,2.87,0.63
BB05,Saint John,sample_0103,194.78,201.19,6.41,3.29
BB05,Saint John,sample_0104,132.64,136.79,4.15,3.13
BB05,Saint John,sample_0105,249.58,255.4,5.81,2.33
BB05,Saint John,sample_0106,284.77,297.22,12.45,4.37
BB05,Saint John,sample_0107,310.7,313.3,2.6,0.84
BB05,Saint John,sample_0108,280.81,289.3,8.49,3.02
BB05,Saint John,sample_0109,285.75,293.62,7.87,2.76
BB05,Saint John,sample_0110,263.59,266.75,3.17,1.2
BB05,Saint John,sample_0111,334.14,337.6,3.47,1.04
BB05,Saint John,sample_0112,427.14,432.85,5.7,1.33
BB05,Saint John,sample_0113,359.89,368.17,8.28,2.3
BB05,Saint John,sample_0114,259.09,266.77,7.68,2.96
BB05,Saint John,sample_0115,275.77,284.66,8.89,3.22
BB05,Saint John,sample_0116,314.42,319.69,5.27,1.68
BB05,Saint John,sample_0117,423.39,431.25,7.86,1.86
BB05,Saint John,sample_0118,299.21,302.45,3.24,1.08
BB05,Saint John,sample_0119,334.09,340.64,6.55,1.96
BB05,Saint John,sample_0120,294.68,297.21,2.53,0.86
BB05,Saint John,sample_0121,273.28,279.31,6.04,2.21
BB05,Saint John,sample_0122,320.6,325.31,4.71,1.47
BB05,Saint John,sample_0123,312.94,318.61,5.68,1.81
BB05,Saint John,sample_0124,345.53,351.47,5.93,1.72
BB05,Saint John,sample_0125,330.66,329.0,-1.65,-0.5
BB05,Saint John,sample_0126,213.23,217.69,4.46,2.09
BB05,Saint John,sample_0127,407.65,413.09,5.44,1.33
BB05,Saint John,sample_0128,325.33,333.39,8.05,2.48
BB05,Saint John,sample_0129,451.54,454.89,3.36,0.74
BB05,Saint John,sample_0130,395.35,404.4,9.05,2.29
BB05,Saint John,sample_0131,382.25,383.27,1.02,0.27
BB05,Saint John,sample_0132,572.52,578.35,5.83,1.02
BB05,Saint John,sample_0133,370.36,372.04,1.68,0.45
BB05,Saint John,sample_0134,357.08,357.89,0.82,0.23
BB05,Saint John,sample_0135,417.61,423.62,6.01,1.44
BB05,Saint John,sample_0136,316.31,319.21,2.9,0.92
BB05,Saint John,sample_0137,476.97,480.09,3.11,0.65
BB05,Saint John,sample_0138,391.83,392.28,0.45,0.11
BB05,Saint John,sample_0139,300.38,305.98,5.59,1.86
BB05,Saint John,sample_0140,407.07,416.97,9.9,2.43
BB05,Saint John,sample_0141,448.01,456.44,8.43,1.88
BB05,Saint John,sample_0142,412.81,412.92,0.11,0.03
BB05,Saint John,sample_0143,393.17,392.37,-0.8,-0.2
BB05,Saint John,sample_0144,579.89,583.67,3.78,0.65
BB05,Saint John,sample_0145,313.0,318.86,5.86,1.87
BB05,Saint John,sample_0146,444.19,454.75,10.56,2.38
BB05,Saint John,sample_0147,408.11,413.31,5.2,1.27
BB05,Saint John,sample_0148,132.89,134.19,1.3,0.98
BB05,Saint John,sample_0149,441.98,445.02,3.05,0.69
BB05,Saint John,sample_0150,327.52,333.95,6.43,1.96
BB05,Saint John,sample_0151,462.93,468.16,5.24,1.13
BB05,Saint John,sample_0152,366.33,369.8,3.47,0.95
BB05,Saint John,sample_0153,348.31,353.73,5.42,1.56
BB05,Saint John,sample_0154,400.89,406.61,5.72,1.43
BB05,Saint John,sample_0155,358.55,363.65,5.1,1.42
BB05,Saint John,sample_0156,504.99,509.11,4.12,0.82
BB05,Saint John,sample_0157,373.75,380.88,7.13,1.91
BB05,Saint John,sample_0158,319.75,329.13,9.38,2.93
BB05,Saint John,sample_0159,425.59,431.26,5.67,1.33
BB05,Saint John,sample_0160,360.5,359.85,-0.65,-0.18
BB05,Saint John,sample_0161,389.14,390.74,1.6,0.41
BB05,Saint John,sample_0162,377.86,377.54,-0.32,-0.08
BB05,Saint John,sample_0163,304.28,304.69,0.42,0.14
BB05,Saint John,sample_0164,390.7,398.48,7.78,1.99
BB05,Saint John,sample_0165,505.38,508.03,2.65,0.52
BB05,Saint John,sample_0166,366.98,371.7,4.72,1.29
BB05,Saint John,sample_0167,457.0,468.67,11.67,2.55
BB05,Saint John,sample_0168,445.51,447.75,2.24,0.5
BB05,Saint John,sample_0169,405.86,410.63,4.77,1.17
BB05,Saint John,sample_0170,407.28,412.15,4.87,1.2
BB05,Saint John,sample_0171,483.76,484.88,1.12,0.23
BB05,Saint John,sample_0172,670.09,674.26,4.17,0.62
BB05,Saint John,sample_0173,412.83,418.44,5.61,1.36
BB05,Saint John,sample_0174,489.79,485.8,-3.99,-0.81
BB05,Saint John,sample_0175,520.93,523.85,2.92,0.56
BB05,Saint John,sample_0176,425.1,429.78,4.68,1.1
BB05,Saint John,sample_0177,514.32,507.95,-6.37,-1.24
BB05,Saint John,sample_0178,582.49,581.22,-1.26,-0.22
BB05,Saint John,sample_0179,590.17,594.42,4.25,0.72
BB05,Saint John,sample_0180,661.74,661.87,0.13,0.02
BB05,Saint John,sample_0181,569.13,574.06,4.93,0.87
BB05,Saint John,sample_0182,636.78,643.3,6.52,1.02
BB05,Saint John,sample_0183,445.57,450.59,5.02,1.13
BB05,Saint John,sample_0184,592.91,599.23,6.32,1.07
BB05,Saint John,sample_0185,592.91,599.23,6.32,1.07
BB05,Saint John,sample_0186,610.25,615.22,4.97,0.81
BB05,Saint John,sample_0187,602.85,606.37,3.51,0.58
BB05,Saint John,sample_0188,590.45,596.02,5.57,0.94
BB05,Saint John,sample_0189,423.84,422.93,-0.9,-0.21
BB05,Saint John,sample_0190,596.05,597.7,1.65,0.28
BB05,Saint John,sample_0191,438.7,439.67,0.97,0.22
BB05,Saint John,sample_0192,481.11,486.41,5.31,1.1
BB05,Saint John,sample_0193,628.97,625.74,-3.24,-0.51
BB05,Saint John,sample_0194,771.9,774.31,2.41,0.31
BB05,Saint John,sample_0195,867.91,868.83,0.92,0.11
BB05,Saint John,sample_0196,820.71,821.38,0.67,0.08
BB05,Saint John,sample_0197,838.2,839.48,1.28,0.15
BB05,Saint John,sample_0198,679.57,674.5,-5.07,-0.75
BB05,Saint John,sample_0199,836.5,839.43,2.93,0.35
BB05,Saint John,sample_0200,883.57,885.91,2.35,0.27
BB06,Saint Joseph,sample_0001,1025.17,1023.75,-1.42,-0.14
BB06,Saint Joseph,sample_0002,0.0,0.17,0.17,
BB06,Saint Joseph,sample_0003,0.0,0.15,0.15,
BB06,Saint Joseph,sample_0004,0.0,1.64,1.64,
BB06,Saint Joseph,sample_0005,0.0,1.96,1.96,
BB06,Saint Joseph,sample_0006,2.31,6.71,4.4,190.7
BB06,Saint Joseph,sample_0007,4.98,7.66,2.67,53.68
BB06,Saint Joseph,sample_0008,5.23,7.85,2.63,50.25
BB06,Saint Joseph,sample_0009,12.14,15.2,3.06,25.18
BB06,Saint Joseph,sample_0010,10.42,12.22,1.8,17.23
BB06,Saint Joseph,sample_0011,0.0,0.0,0.0,
BB06,Saint Joseph,sample_0012,14.52,16.75,2.23,15.36
BB06,Saint Joseph,sample_0013,7.24,14.09,6.85,94.62
BB06,Saint Joseph,sample_0014,21.01,24.5,3.49,16.64
BB06,Saint Joseph,sample_0015,12.8,16.88,4.08,31.91
BB06,Saint Joseph,sample_0016,2.44,7.73,5.29,216.88
BB06,Saint Joseph,sample_0017,16.08,20.99,4.92,30.58
BB06,Saint Joseph,sample_0018,0.0,0.0,0.0,
BB06,Saint Joseph,sample_0019,39.38,47.39,8.01,20.34
BB06,Saint Joseph,sample_0020,14.72,22.52,7.8,53.03
BB06,Saint Joseph,sample_0021,48.06,46.82,-1.24,-2.58
BB06,Saint Joseph,sample_0022,27.74,32.69,4.95,17.86
BB06,Saint Joseph,sample_0023,45.98,49.59,3.62,7.87
BB06,Saint Joseph,sample_0024,46.88,51.61,4.73,10.08
BB06,Saint Joseph,sample_0025,63.71,69.43,5.72,8.98
BB06,Saint Joseph,sample_0026,44.44,47.3,2.86,6.44
BB06,Saint Joseph,sample_0027,40.97,44.35,3.38,8.26
BB06,Saint Joseph,sample_0028,47.99,57.18,9.19,19.15
BB06,Saint Joseph,sample_0029,0.0,0.05,0.05,
BB06,Saint Joseph,sample_0030,48.33,55.74,7.42,15.35
BB06,Saint Joseph,sample_0031,109.04,112.42,3.38,3.1
BB06,Saint Joseph,sample_0032,118.85,123.81,4.96,4.17
BB06,Saint Joseph,sample_0033,115.04,121.57,6.53,5.67
BB06,Saint Joseph,sample_0034,190.47,193.03,2.56,1.34
BB06,Saint Joseph,sample_0035,74.98,76.49,1.51,2.01
BB06,Saint Joseph,sample_0036,86.77,89.63,2.86,3.3
BB06,Saint Joseph,sample_0037,96.62,103.32,6.7,6.93
BB06,Saint Joseph,sample_0038,91.34,100.0,8.66,9.48
BB06,Saint Joseph,sample_0039,68.99,71.89,2.9,4.21
BB06,Saint Joseph,sample_0040,148.21,157.37,9.15,6.18
BB06,Saint Joseph,sample_0041,94.61,93.05,-1.56,-1.65
BB06,Saint Joseph,sample_0042,76.34,80.27,3.93,5.15
BB06,Saint Joseph,sample_0043,105.62,111.38,5.76,5.45
BB06,Saint Joseph,sample_0044,113.2,114.55,1.35,1.19
BB06,Saint Joseph,sample_0045,75.07,80.26,5.19,6.91
BB06,Saint Joseph,sample_0046,103.97,107.38,3.41,3.28
BB06,Saint Joseph,sample_0047,125.91,130.77,4.86,3.86
BB06,Saint Joseph,sample_0048,104.33,107.33,2.99,2.87
BB06,Saint Joseph,sample_0049,129.42,132.04,2.62,2.02
BB06,Saint Joseph,sample_0050,157.36,163.4,6.05,3.84
BB06,Saint Joseph,sample_0051,138.89,146.52,7.63,5.49
BB06,Saint Joseph,sample_0052,178.31,186.18,7.87,4.41
BB06,Saint Joseph,sample_0053,180.27,184.5,4.23,2.35
BB06,Saint Joseph,sample_0054,100.59,107.95,7.36,7.31
BB06,Saint Joseph,sample_0055,140.74,147.08,6.34,4.51
BB06,Saint Joseph,sample_0056,161.44,164.79,3.36,2.08
BB06,Saint Joseph,sample_0057,133.43,139.68,6.25,4.68
BB06,Saint Joseph,sample_0058,40.9,44.14,3.23,7.91
BB06,Saint Joseph,sample_0059,201.05,201.36,0.32,0.16
BB06,Saint Joseph,sample_0060,161.05,164.17,3.12,1.94
BB06,Saint Joseph,sample_0061,233.99,237.99,4.0,1.71
BB06,Saint Joseph,sample_0062,162.93,163.49,0.55,0.34
BB06,Saint Joseph,sample_0063,84.01,95.91,11.9,14.17
BB06,Saint Joseph,sample_0064,173.17,173.49,0.32,0.18
BB06,Saint Joseph,sample_0065,17.93,23.16,5.24,29.22
BB06,Saint Joseph,sample_0066,170.57,186.25,15.68,9.19
BB06,Saint Joseph,sample_0067,205.56,213.81,8.25,4.01
BB06,Saint Joseph,sample_0068,229.54,233.84,4.3,1.87
BB06,Saint Joseph,sample_0069,207.22,214.53,7.31,3.53
BB06,Saint Joseph,sample_0070,171.28,175.54,4.26,2.49
BB06,Saint Joseph,sample_0071,174.98,178.26,3.27,1.87
BB06,Saint Joseph,sample_0072,220.31,231.29,10.98,4.99
BB06,Saint Joseph,sample_0073,334.19,335.28,1.09,0.33
BB06,Saint Joseph,sample_0074,168.1,177.56,9.46,5.63
BB06,Saint Joseph,sample_0075,167.16,179.14,11.98,7.17
BB06,Saint Joseph,sample_0076,178.59,185.22,6.62,3.71
BB06,Saint Joseph,sample_0077,218.6,222.2,3.6,1.64
BB06,Saint Joseph,sample_0078,204.79,210.77,5.98,2.92
BB06,Saint Joseph,sample_0079,233.41,232.38,-1.03,-0.44
BB06,Saint Joseph,sample_0080,192.35,200.55,8.2,4.26
BB06,Saint Joseph,sample_0081,198.22,203.65,5.43,2.74
BB06,Saint Joseph,sample_0082,201.1,198.12,-2.98,-1.48
BB06,Saint Joseph,sample_0083,192.66,205.23,12.57,6.53
BB06,Saint Joseph,sample_0084,254.66,254.47,-0.2,-0.08
BB06,Saint Joseph,sample_0085,174.16,186.31,12.15,6.98
BB06,Saint Joseph,sample_0086,188.76,195.42,6.66,3.53
BB06,Saint Joseph,sample_0087,249.74,251.23,1.48,0.59
BB06,Saint Joseph,sample_0088,235.37,237.27,1.9,0.81
BB06,Saint Joseph,sample_0089,214.06,221.33,7.27,3.4
BB06,Saint Joseph,sample_0090,230.85,236.49,5.64,2.44
BB06,Saint Joseph,sample_0091,192.46,204.33,11.87,6.17
BB06,Saint Joseph,sample_0092,189.02,193.29,4.26,2.26
BB06,Saint Joseph,sample_0093,226.75,234.38,7.64,3.37
BB06,Saint Joseph,sample_0094,316.39,322.33,5.94,1.88
BB06,Saint Joseph,sample_0095,254.75,258.73,3.98,1.56
BB06,Saint Joseph,sample_0096,325.31,328.82,3.51,1.08
BB06,Saint Joseph,sample_0097,25.4,29.16,3.76,14.78
BB06,Saint Joseph,sample_0098,278.37,288.82,10.45,3.75
BB06,Saint Joseph,sample_0099,331.54,327.66,-3.88,-1.17
BB06,Saint Joseph,sample_0100,214.75,217.99,3.24,1.51
BB06,Saint Joseph,sample_0101,319.64,323.09,3.45,1.08
BB06,Saint Joseph,sample_0102,347.16,356.83,9.66,2.78
BB06,Saint Joseph,sample_0103,168.55,173.01,4.47,2.65
BB06,Saint Joseph,sample_0104,113.04,117.19,4.15,3.67
BB06,Saint Joseph,sample_0105,241.29,243.31,2.02,0.84
BB06,Saint Joseph,sample_0106,232.41,244.1,11.69,5.03
BB06,Saint Joseph,sample_0107,347.63,349.42,1.79,0.52
BB06,Saint Joseph,sample_0108,349.35,354.32,4.97,1.42
BB06,Saint Joseph,sample_0109,318.28,323.41,5.13,1.61
BB06,Saint Joseph,sample_0110,278.49,281.33,2.84,1.02
BB06,Saint Joseph,sample_0111,323.45,336.47,13.01,4.02
BB06,Saint Joseph,sample_0112,312.62,317.67,5.05,1.61
BB06,Saint Joseph,sample_0113,417.77,424.71,6.94,1.66
BB06,Saint Joseph,sample_0114,265.11,271.25,6.13,2.31
BB06,Saint Joseph,sample_0115,317.47,332.59,15.12,4.76
BB06,Saint Joseph,sample_0116,351.49,350.6,-0.89,-0.25
BB06,Saint Joseph,sample_0117,385.24,387.16,1.92,0.5
BB06,Saint Joseph,sample_0118,280.9,289.49,8.6,3.06
BB06,Saint Joseph,sample_0119,306.87,314.24,7.36,2.4
BB06,Saint Joseph,sample_0120,330.84,338.01,7.17,2.17
BB06,Saint Joseph,sample_0121,365.68,371.52,5.84,1.6
BB06,Saint Joseph,sample_0122,317.36,324.41,7.05,2.22
BB06,Saint Joseph,sample_0123,355.89,362.57,6.68,1.88
BB06,Saint Joseph,sample_0124,356.94,358.75,1.81,0.51
BB06,Saint Joseph,sample_0125,325.96,333.68,7.72,2.37
BB06,Saint Joseph,sample_0126,227.95,231.02,3.07,1.35
BB06,Saint Joseph,sample_0127,507.0,510.3,3.29,0.65
BB06,Saint Joseph,sample_0128,335.97,341.69,5.72,1.7
BB06,Saint Joseph,sample_0129,368.41,370.17,1.76,0.48
BB06,Saint Joseph,sample_0130,370.47,385.77,15.3,4.13
BB06,Saint Joseph,sample_0131,368.38,368.83,0.45,0.12
BB06,Saint Joseph,sample_0132,568.46,569.11,0.64,0.11
BB06,Saint Joseph,sample_0133,425.98,424.57,-1.4,-0.33
BB06,Saint Joseph,sample_0134,405.61,408.72,3.11,0.77
BB06,Saint Joseph,sample_0135,280.01,281.73,1.73,0.62
BB06,Saint Joseph,sample_0136,342.39,341.38,-1.02,-0.3
BB06,Saint Joseph,sample_0137,337.6,344.78,7.18,2.13
BB06,Saint Joseph,sample_0138,650.74,649.62,-1.12,-0.17
BB06,Saint Joseph,sample_0139,318.54,323.21,4.67,1.47
BB06,Saint Joseph,sample_0140,405.2,412.58,7.38,1.82
BB06,Saint Joseph,sample_0141,484.28,488.37,4.08,0.84
BB06,Saint Joseph,sample_0142,369.85,373.96,4.1,1.11
BB06,Saint Joseph,sample_0143,452.86,461.03,8.16,1.8
BB06,Saint Joseph,sample_0144,482.28,483.43,1.15,0.24
BB06,Saint Joseph,sample_0145,351.56,354.22,2.66,0.76
BB06,Saint Joseph,sample_0146,427.11,438.27,11.17,2.61
BB06,Saint Joseph,sample_0147,407.62,417.75,10.12,2.48
BB06,Saint Joseph,sample_0148,116.67,121.46,4.79,4.1
BB06,Saint Joseph,sample_0149,421.35,426.19,4.83,1.15
BB06,Saint Joseph,sample_0150,413.49,418.81,5.32,1.29
BB06,Saint Joseph,sample_0151,497.71,501.08,3.37,0.68
BB06,Saint Joseph,sample_0152,344.56,352.55,7.99,2.32
BB06,Saint Joseph,sample_0153,376.08,379.66,3.59,0.95
BB06,Saint Joseph,sample_0154,350.31,359.48,9.17,2.62
BB06,Saint Joseph,sample_0155,397.76,397.51,-0.26,-0.06
BB06,Saint Joseph,sample_0156,380.74,384.81,4.07,1.07
BB06,Saint Joseph,sample_0157,376.26,385.0,8.73,2.32
BB06,Saint Joseph,sample_0158,337.46,341.05,3.59,1.06
BB06,Saint Joseph,sample_0159,451.44,461.2,9.76,2.16
BB06,Saint Joseph,sample_0160,378.74,382.0,3.27,0.86
BB06,Saint Joseph,sample_0161,393.4,402.31,8.9,2.26
BB06,Saint Joseph,sample_0162,408.93,412.63,3.7,0.91
BB06,Saint Joseph,sample_0163,299.72,303.17,3.45,1.15
BB06,Saint Joseph,sample_0164,487.5,493.83,6.33,1.3
BB06,Saint Joseph,sample_0165,556.16,556.36,0.21,0.04
BB06,Saint Joseph,sample_0166,408.15,410.64,2.49,0.61
BB06,Saint Joseph,sample_0167,563.18,575.49,12.31,2.19
BB06,Saint Joseph,sample_0168,568.53,575.0,6.47,1.14
BB06,Saint Joseph,sample_0169,422.06,427.11,5.05,1.2
BB06,Saint Joseph,sample_0170,447.09,446.08,-1.01,-0.23
BB06,Saint Joseph,sample_0171,508.69,510.27,1.58,0.31
BB06,Saint Joseph,sample_0172,451.62,457.01,5.39,1.19
BB06,Saint Joseph,sample_0173,402.45,408.49,6.04,1.5
BB06,Saint Joseph,sample_0174,523.09,521.48,-1.61,-0.31
BB06,Saint Joseph,sample_0175,478.96,477.49,-1.48,-0.31
BB06,Saint Joseph,sample_0176,465.71,471.61,5.9,1.27
BB06,Saint Joseph,sample_0177,522.32,518.47,-3.85,-0.74
BB06,Saint Joseph,sample_0178,669.91,671.88,1.97,0.29
BB06,Saint Joseph,sample_0179,564.66,565.52,0.87,0.15
BB06,Saint Joseph,sample_0180,557.73,555.97,-1.76,-0.32
BB06,Saint Joseph,sample_0181,631.59,640.62,9.03,1.43
BB06,Saint Joseph,sample_0182,583.66,586.78,3.13,0.54
BB06,Saint Joseph,sample_0183,488.41,493.59,5.18,1.06
BB06,Saint Joseph,sample_0184,548.0,552.67,4.67,0.85
BB06,Saint Joseph,sample_0185,548.0,552.67,4.67,0.85
BB06,Saint Joseph,sample_0186,541.81,549.87,8.05,1.49
BB06,Saint Joseph,sample_0187,633.01,634.73,1.72,0.27
BB06,Saint Joseph,sample_0188,551.14,552.42,1.27,0.23
BB06,Saint Joseph,sample_0189,437.83,442.41,4.59,1.05
BB06,Saint Joseph,sample_0190,616.38,616.89,0.51,0.08
BB06,Saint Joseph,sample_0191,452.73,457.51,4.78,1.06
BB06,Saint Joseph,sample_0192,564.07,570.13,6.06,1.07
BB06,Saint Joseph,sample_0193,696.62,699.64,3.01,0.43
BB06,Saint Joseph,sample_0194,772.12,771.87,-0.25,-0.03
BB06,Saint Joseph,sample_0195,785.69,786.28,0.59,0.07
BB06,Saint Joseph,sample_0196,828.72,821.67,-7.05,-0.85
BB06,Saint Joseph,sample_0197,781.69,784.04,2.35,0.3
BB06,Saint Joseph,sample_0198,662.56,661.6,-0.96,-0.14
BB06,Saint Joseph,sample_0199,891.78,893.25,1.47,0.17
BB06,Saint Joseph,sample_0200,828.17,827.9,-0.27,-0.03
BB07,Saint Lucy,sample_0001,1105.99,1111.74,5.75,0.52
BB07,Saint Lucy,sample_0002,0.0,0.81,0.81,
BB07,Saint Lucy,sample_0003,1.38,1.48,0.1,7.09
BB07,Saint Lucy,sample_0004,0.0,0.64,0.64,
BB07,Saint Lucy,sample_0005,2.5,4.38,1.87,74.75
BB07,Saint Lucy,sample_0006,0.55,5.62,5.07,918.69
BB07,Saint Lucy,sample_0007,9.1,12.1,2.99,32.9
BB07,Saint Lucy,sample_0008,2.82,5.58,2.76,97.67
BB07,Saint Lucy,sample_0009,2.97,6.49,3.52,118.48
BB07,Saint Lucy,sample_0010,40.83,40.7,-0.13,-0.31
BB07,Saint Lucy,sample_0011,0.0,0.0,0.0,
BB07,Saint Lucy,sample_0012,24.53,25.04,0.5,2.04
BB07,Saint Lucy,sample_0013,6.89,11.29,4.4,63.8
BB07,Saint Lucy,sample_0014,9.63,12.67,3.04,31.62
BB07,Saint Lucy,sample_0015,20.31,22.41,2.1,10.35
BB07,Saint Lucy,sample_0016,6.26,12.1,5.83,93.12
BB07,Saint Lucy,sample_0017,106.5,125.87,19.36,18.18
BB07,Saint Lucy,sample_0018,0.0,0.0,0.0,
BB07,Saint Lucy,sample_0019,19.97,24.85,4.88,24.44
BB07,Saint Lucy,sample_0020,44.89,51.24,6.36,14.16
BB07,Saint Lucy,sample_0021,75.99,77.0,1.01,1.33
BB07,Saint Lucy,sample_0022,19.23,20.8,1.57,8.16
BB07,Saint Lucy,sample_0023,26.01,32.33,6.31,24.26
BB07,Saint Lucy,sample_0024,11.06,14.99,3.93,35.55
BB07,Saint Lucy,sample_0025,55.02,58.78,3.75,6.82
BB07,Saint Lucy,sample_0026,43.79,49.97,6.17,14.1
BB07,Saint Lucy,sample_0027,76.07,79.15,3.08,4.06
BB07,Saint Lucy,sample_0028,62.08,69.0,6.92,11.15
BB07,Saint Lucy,sample_0029,0.0,0.14,0.14,
BB07,Saint Lucy,sample_0030,94.06,106.38,12.32,13.1
BB07,Saint Lucy,sample_0031,50.37,53.45,3.07,6.1
BB07,Saint Lucy,sample_0032,76.51,81.84,5.33,6.97
BB07,Saint Lucy,sample_0033,81.17,82.31,1.15,1.41
BB07,Saint Lucy,sample_0034,76.22,79.02,2.8,3.68
BB07,Saint Lucy,sample_0035,75.14,79.37,4.23,5.63
BB07,Saint Lucy,sample_0036,117.18,120.97,3.79,3.23
BB07,Saint Lucy,sample_0037,95.08,101.95,6.86,7.22
BB07,Saint Lucy,sample_0038,86.14,93.3,7.16,8.32
BB07,Saint Lucy,sample_0039,84.44,89.73,5.29,6.26
BB07,Saint Lucy,sample_0040,40.8,45.62,4.83,11.83
BB07,Saint Lucy,sample_0041,101.61,104.08,2.47,2.44
BB07,Saint Lucy,sample_0042,100.44,112.11,11.67,11.62
BB07,Saint Lucy,sample_0043,90.94,96.77,5.84,6.42
BB07,Saint Lucy,sample_0044,31.85,35.92,4.07,12.78
BB07,Saint Lucy,sample_0045,73.4,72.76,-0.65,-0.88
BB07,Saint Lucy,sample_0046,138.12,145.62,7.51,5.44
BB07,Saint Lucy,sample_0047,321.19,321.86,0.67,0.21
BB07,Saint Lucy,sample_0048,55.3,60.78,5.48,9.91
BB07,Saint Lucy,sample_0049,165.04,169.81,4.77,2.89
BB07,Saint Lucy,sample_0050,90.37,92.3,1.93,2.14
BB07,Saint Lucy,sample_0051,125.19,128.97,3.78,3.02
BB07,Saint Lucy,sample_0052,151.75,156.05,4.3,2.83
BB07,Saint Lucy,sample_0053,280.31,285.56,5.25,1.87
BB07,Saint Lucy,sample_0054,129.4,134.52,5.11,3.95
BB07,Saint Lucy,sample_0055,214.19,221.61,7.42,3.46
BB07,Saint Lucy,sample_0056,272.13,272.89,0.76,0.28
BB07,Saint Lucy,sample_0057,120.22,129.75,9.53,7.93
BB07,Saint Lucy,sample_0058,3.12,4.29,1.16,37.15
BB07,Saint Lucy,sample_0059,112.16,113.77,1.61,1.44
BB07,Saint Lucy,sample_0060,124.05,132.9,8.85,7.14
BB07,Saint Lucy,sample_0061,175.0,179.86,4.86,2.78
BB07,Saint Lucy,sample_0062,139.32,143.71,4.4,3.15
BB07,Saint Lucy,sample_0063,98.38,106.83,8.45,8.59
BB07,Saint Lucy,sample_0064,177.76,180.07,2.32,1.3
BB07,Saint Lucy,sample_0065,28.5,36.29,7.78,27.3
BB07,Saint Lucy,sample_0066,150.37,162.28,11.91,7.92
BB07,Saint Lucy,sample_0067,195.53,202.04,6.52,3.33
BB07,Saint Lucy,sample_0068,190.8,201.82,11.03,5.78
BB07,Saint Lucy,sample_0069,144.22,151.41,7.2,4.99
BB07,Saint Lucy,sample_0070,164.49,169.91,5.41,3.29
BB07,Saint Lucy,sample_0071,194.9,191.56,-3.35,-1.72
BB07,Saint Lucy,sample_0072,263.37,268.39,5.02,1.91
BB07,Saint Lucy,sample_0073,254.63,256.63,1.99,0.78
BB07,Saint Lucy,sample_0074,119.32,130.19,10.87,9.11
BB07,Saint Lucy,sample_0075,253.4,263.56,10.16,4.01
BB07,Saint Lucy,sample_0076,152.19,157.9,5.71,3.75
BB07,Saint Lucy,sample_0077,146.83,151.1,4.27,2.91
BB07,Saint Lucy,sample_0078,143.91,145.45,1.54,1.07
BB07,Saint Lucy,sample_0079,269.56,274.77,5.21,1.93
BB07,Saint Lucy,sample_0080,188.1,199.53,11.43,6.08
BB07,Saint Lucy,sample_0081,276.96,282.59,5.63,2.03
BB07,Saint Lucy,sample_0082,172.06,175.1,3.04,1.77
BB07,Saint Lucy,sample_0083,146.31,152.77,6.46,4.41
BB07,Saint Lucy,sample_0084,224.09,228.59,4.5,2.01
BB07,Saint Lucy,sample_0085,297.31,302.16,4.85,1.63
BB07,Saint Lucy,sample_0086,240.46,248.76,8.3,3.45
BB07,Saint Lucy,sample_0087,193.78,199.67,5.89,3.04
BB07,Saint Lucy,sample_0088,272.55,279.04,6.48,2.38
BB07,Saint Lucy,sample_0089,149.18,152.61,3.44,2.3
BB07,Saint Lucy,sample_0090,197.45,198.46,1.01,0.51
BB07,Saint Lucy,sample_0091,229.3,237.24,7.94,3.46
BB07,Saint Lucy,sample_0092,287.13,286.77,-0.35,-0.12
BB07,Saint Lucy,sample_0093,229.38,236.39,7.0,3.05
BB07,Saint Lucy,sample_0094,217.23,224.36,7.13,3.28
BB07,Saint Lucy,sample_0095,111.66,117.77,6.11,5.47
BB07,Saint Lucy,sample_0096,164.71,171.93,7.22,4.38
BB07,Saint Lucy,sample_0097,10.95,15.08,4.13,37.73
BB07,Saint Lucy,sample_0098,334.77,341.36,6.59,1.97
BB07,Saint Lucy,sample_0099,408.64,387.02,-21.62,-5.29
BB07,Saint Lucy,sample_0100,216.65,226.04,9.39,4.33
BB07,Saint Lucy,sample_0101,297.02,308.52,11.5,3.87
BB07,Saint Lucy,sample_0102,153.62,154.63,1.01,0.66
BB07,Saint Lucy,sample_0103,162.57,167.07,4.5,2.77
BB07,Saint Lucy,sample_0104,92.79,95.3,2.51,2.71
BB07,Saint Lucy,sample_0105,255.12,262.28,7.16,2.81
BB07,Saint Lucy,sample_0106,139.75,150.1,10.35,7.41
BB07,Saint Lucy,sample_0107,249.24,252.71,3.47,1.39
BB07,Saint Lucy,sample_0108,212.63,217.22,4.6,2.16
BB07,Saint Lucy,sample_0109,280.86,291.59,10.73,3.82
BB07,Saint Lucy,sample_0110,241.53,245.73,4.19,1.74
BB07,Saint Lucy,sample_0111,277.36,286.46,9.11,3.28
BB07,Saint Lucy,sample_0112,186.63,193.76,7.13,3.82
BB07,Saint Lucy,sample_0113,271.28,279.37,8.1,2.98
BB07,Saint Lucy,sample_0114,264.76,270.74,5.98,2.26
BB07,Saint Lucy,sample_0115,255.47,264.0,8.52,3.34
BB07,Saint Lucy,sample_0116,247.87,253.92,6.05,2.44
BB07,Saint Lucy,sample_0117,197.41,200.31,2.9,1.47
BB07,Saint Lucy,sample_0118,304.43,312.05,7.63,2.51
BB07,Saint Lucy,sample_0119,335.59,338.65,3.06,0.91
BB07,Saint Lucy,sample_0120,341.54,348.71,7.18,2.1
BB07,Saint Lucy,sample_0121,367.6,373.66,6.06,1.65
BB07,Saint Lucy,sample_0122,332.68,338.64,5.96,1.79
BB07,Saint Lucy,sample_0123,331.0,337.19,6.18,1.87
BB07,Saint Lucy,sample_0124,306.31,312.02,5.71,1.86
BB07,Saint Lucy,sample_0125,275.89,279.86,3.97,1.44
BB07,Saint Lucy,sample_0126,189.01,191.16,2.14,1.13
BB07,Saint Lucy,sample_0127,216.56,222.73,6.17,2.85
BB07,Saint Lucy,sample_0128,415.86,419.14,3.28,0.79
BB07,Saint Lucy,sample_0129,271.04,278.38,7.34,2.71
BB07,Saint Lucy,sample_0130,276.95,290.27,13.32,4.81
BB07,Saint Lucy,sample_0131,317.31,325.86,8.55,2.7
BB07,Saint Lucy,sample_0132,288.91,292.81,3.9,1.35
BB07,Saint Lucy,sample_0133,386.73,397.79,11.06,2.86
BB07,Saint Lucy,sample_0134,309.05,313.49,4.44,1.44
BB07,Saint Lucy,sample_0135,148.05,149.82,1.78,1.2
BB07,Saint Lucy,sample_0136,254.22,263.38,9.16,3.6
BB07,Saint Lucy,sample_0137,173.74,182.34,8.6,4.95
BB07,Saint Lucy,sample_0138,556.6,553.57,-3.02,-0.54
BB07,Saint Lucy,sample_0139,512.64,512.44,-0.2,-0.04
BB07,Saint Lucy,sample_0140,353.97,366.7,12.73,3.6
BB07,Saint Lucy,sample_0141,601.2,602.23,1.03,0.17
BB07,Saint Lucy,sample_0142,299.96,309.73,9.77,3.26
BB07,Saint Lucy,sample_0143,440.26,445.45,5.18,1.18
BB07,Saint Lucy,sample_0144,350.46,352.55,2.09,0.6
BB07,Saint Lucy,sample_0145,476.81,476.91,0.1,0.02
BB07,Saint Lucy,sample_0146,344.64,354.38,9.73,2.82
BB07,Saint Lucy,sample_0147,397.94,400.19,2.25,0.57
BB07,Saint Lucy,sample_0148,81.79,82.82,1.02,1.25
BB07,Saint Lucy,sample_0149,378.42,382.29,3.88,1.02
BB07,Saint Lucy,sample_0150,436.85,442.86,6.01,1.38
BB07,Saint Lucy,sample_0151,282.62,289.21,6.59,2.33
BB07,Saint Lucy,sample_0152,329.68,333.1,3.42,1.04
BB07,Saint Lucy,sample_0153,302.05,310.18,8.14,2.69
BB07,Saint Lucy,sample_0154,420.92,428.39,7.47,1.78
BB07,Saint Lucy,sample_0155,326.79,336.05,9.27,2.84
BB07,Saint Lucy,sample_0156,329.8,333.77,3.97,1.2
BB07,Saint Lucy,sample_0157,476.82,479.57,2.75,0.58
BB07,Saint Lucy,sample_0158,324.39,324.43,0.04,0.01
BB07,Saint Lucy,sample_0159,413.36,418.03,4.67,1.13
BB07,Saint Lucy,sample_0160,330.59,330.51,-0.07,-0.02
BB07,Saint Lucy,sample_0161,387.2,392.49,5.28,1.36
BB07,Saint Lucy,sample_0162,665.49,666.86,1.37,0.21
BB07,Saint Lucy,sample_0163,189.95,195.63,5.68,2.99
BB07,Saint Lucy,sample_0164,460.98,466.23,5.24,1.14
BB07,Saint Lucy,sample_0165,490.57,494.13,3.56,0.73
BB07,Saint Lucy,sample_0166,562.87,566.66,3.79,0.67
BB07,Saint Lucy,sample_0167,464.74,465.88,1.14,0.24
BB07,Saint Lucy,sample_0168,685.1,690.95,5.84,0.85
BB07,Saint Lucy,sample_0169,516.2,516.81,0.61,0.12
BB07,Saint Lucy,sample_0170,523.15,521.68,-1.47,-0.28
BB07,Saint Lucy,sample_0171,506.42,497.8,-8.62,-1.7
BB07,Saint Lucy,sample_0172,199.63,201.31,1.67,0.84
BB07,Saint Lucy,sample_0173,574.92,574.24,-0.69,-0.12
BB07,Saint Lucy,sample_0174,539.08,526.94,-12.14,-2.25
BB07,Saint Lucy,sample_0175,434.59,439.49,4.89,1.13
BB07,Saint Lucy,sample_0176,458.86,456.93,-1.92,-0.42
BB07,Saint Lucy,sample_0177,519.55,516.46,-3.1,-0.6
BB07,Saint Lucy,sample_0178,603.0,602.26,-0.74,-0.12
BB07,Saint Lucy,sample_0179,459.65,467.99,8.34,1.81
BB07,Saint Lucy,sample_0180,404.89,405.35,0.47,0.12
BB07,Saint Lucy,sample_0181,626.41,628.14,1.72,0.28
BB07,Saint Lucy,sample_0182,419.95,421.89,1.94,0.46
BB07,Saint Lucy,sample_0183,777.34,786.32,8.98,1.15
BB07,Saint Lucy,sample_0184,461.88,466.71,4.83,1.05
BB07,Saint Lucy,sample_0185,461.88,466.71,4.83,1.05
BB07,Saint Lucy,sample_0186,508.76,505.74,-3.02,-0.59
BB07,Saint Lucy,sample_0187,520.14,525.33,5.19,1.0
BB07,Saint Lucy,sample_0188,512.41,516.96,4.55,0.89
BB07,Saint Lucy,sample_0189,391.08,397.57,6.49,1.66
BB07,Saint Lucy,sample_0190,563.67,564.73,1.05,0.19
BB07,Saint Lucy,sample_0191,453.31,460.39,7.08,1.56
BB07,Saint Lucy,sample_0192,828.67,831.0,2.33,0.28
BB07,Saint Lucy,sample_0193,558.14,559.87,1.73,0.31
BB07,Saint Lucy,sample_0194,836.15,839.77,3.63,0.43
BB07,Saint Lucy,sample_0195,818.87,821.11,2.24,0.27
BB07,Saint Lucy,sample_0196,552.57,549.92,-2.65,-0.48
BB07,Saint Lucy,sample_0197,534.91,538.41,3.5,0.66
BB07,Saint Lucy,sample_0198,492.51,497.5,5.0,1.01
BB07,Saint Lucy,sample_0199,887.96,892.38,4.43,0.5
BB07,Saint Lucy,sample_0200,639.85,642.78,2.93,0.46
BB08,Saint Michael,sample_0001,688.16,698.81,10.65,1.55
BB08,Saint Michael,sample_0002,0.0,0.3,0.3,
BB08,Saint Michael,sample_0003,0.0,0.01,0.01,
BB08,Saint Michael,sample_0004,0.0,0.87,0.87,
BB08,Saint Michael,sample_0005,0.0,2.12,2.12,
BB08,Saint Michael,sample_0006,0.96,3.45,2.49,258.16
BB08,Saint Michael,sample_0007,0.11,2.32,2.21,1956.94
BB08,Saint Michael,sample_0008,9.17,9.79,0.63,6.87
BB08,Saint Michael,sample_0009,7.0,10.71,3.71,52.91
BB08,Saint Michael,sample_0010,2.11,3.52,1.4,66.35
BB08,Saint Michael,sample_0011,0.0,0.0,0.0,
BB08,Saint Michael,sample_0012,13.83,16.94,3.11,22.46
BB08,Saint Michael,sample_0013,24.36,27.61,3.25,13.34
BB08,Saint Michael,sample_0014,11.27,13.96,2.7,23.93
BB08,Saint Michael,sample_0015,34.62,36.38,1.76,5.08
BB08,Saint Michael,sample_0016,5.69,9.29,3.61,63.4
BB08,Saint Michael,sample_0017,15.71,22.29,6.58,41.9
BB08,Saint Michael,sample_0018,0.0,0.0,0.0,
BB08,Saint Michael,sample_0019,48.21,52.31,4.1,8.51
BB08,Saint Michael,sample_0020,46.67,49.62,2.95,6.31
BB08,Saint Michael,sample_0021,18.32,21.78,3.46,18.89
BB08,Saint Michael,sample_0022,23.54,29.14,5.6,23.77
BB08,Saint Michael,sample_0023,5.43,10.04,4.61,85.03
BB08,Saint Michael,sample_0024,71.85,73.98,2.14,2.98
BB08,Saint Michael,sample_0025,46.74,50.07,3.33,7.13
BB08,Saint Michael,sample_0026,61.24,68.09,6.85,11.18
BB08,Saint Michael,sample_0027,29.26,32.54,3.27,11.19
BB08,Saint Michael,sample_0028,43.15,45.97,2.81,6.51
BB08,Saint Michael,sample_0029,0.0,0.63,0.63,
BB08,Saint Michael,sample_0030,51.96,57.64,5.69,10.95
BB08,Saint Michael,sample_0031,165.15,167.47,2.32,1.41
BB08,Saint Michael,sample_0032,89.88,93.96,4.08,4.54
BB08,Saint Michael,sample_0033,93.87,96.9,3.03,3.23
BB08,Saint Michael,sample_0034,117.78,118.3,0.52,0.44
BB08,Saint Michael,sample_0035,77.91,80.43,2.52,3.24
BB08,Saint Michael,sample_0036,93.07,95.7,2.63,2.83
BB08,Saint Michael,sample_0037,83.99,91.41,7.42,8.83
BB08,Saint Michael,sample_0038,94.03,102.96,8.94,9.5
BB08,Saint Michael,sample_0039,104.6,109.88,5.28,5.05
BB08,Saint Michael,sample_0040,76.4,78.89,2.49,3.25
BB08,Saint Michael,sample_0041,91.2,94.36,3.16,3.46
BB08,Saint Michael,sample_0042,102.88,107.42,4.54,4.41
BB08,Saint Michael,sample_0043,84.1,86.93,2.83,3.37
BB08,Saint Michael,sample_0044,164.15,165.51,1.35,0.82
BB08,Saint Michael,sample_0045,139.24,147.42,8.18,5.87
BB08,Saint Michael,sample_0046,80.23,88.09,7.86,9.8
BB08,Saint Michael,sample_0047,27.7,31.64,3.93,14.2
BB08,Saint Michael,sample_0048,140.74,142.3,1.56,1.11
BB08,Saint Michael,sample_0049,150.32,149.97,-0.35,-0.23
BB08,Saint Michael,sample_0050,200.56,206.79,6.23,3.1
BB08,Saint Michael,sample_0051,127.93,140.05,12.12,9.47
BB08,Saint Michael,sample_0052,85.92,93.23,7.31,8.51
BB08,Saint Michael,sample_0053,46.73,51.24,4.52,9.67
BB08,Saint Michael,sample_0054,154.95,159.3,4.36,2.81
BB08,Saint Michael,sample_0055,116.12,121.35,5.23,4.5
BB08,Saint Michael,sample_0056,79.53,82.6,3.07,3.86
BB08,Saint Michael,sample_0057,184.93,193.06,8.14,4.4
BB08,Saint Michael,sample_0058,31.65,35.28,3.63,11.47
BB08,Saint Michael,sample_0059,131.98,134.29,2.31,1.75
BB08,Saint Michael,sample_0060,235.77,240.01,4.25,1.8
BB08,Saint Michael,sample_0061,175.7,181.96,6.26,3.57
BB08,Saint Michael,sample_0062,156.48,161.84,5.36,3.42
BB08,Saint Michael,sample_0063,144.51,156.78,12.27,8.49
BB08,Saint Michael,sample_0064,242.36,243.31,0.95,0.39
BB08,Saint Michael,sample_0065,19.71,23.88,4.16,21.12
BB08,Saint Michael,sample_0066,161.55,173.1,11.55,7.15
BB08,Saint Michael,sample_0067,175.54,184.66,9.12,5.19
BB08,Saint Michael,sample_0068,130.99,137.29,6.3,4.81
BB08,Saint Michael,sample_0069,204.3,218.33,14.03,6.87
BB08,Saint Michael,sample_0070,223.41,227.15,3.74,1.67
BB08,Saint Michael,sample_0071,233.32,237.81,4.48,1.92
BB08,Saint Michael,sample_0072,225.19,232.92,7.73,3.43
BB08,Saint Michael,sample_0073,257.89,258.43,0.55,0.21
BB08,Saint Michael,sample_0074,249.77,256.43,6.65,2.66
BB08,Saint Michael,sample_0075,225.49,228.19,2.7,1.2
BB08,Saint Michael,sample_0076,252.93,257.69,4.76,1.88
BB08,Saint Michael,sample_0077,272.95,274.91,1.96,0.72
BB08,Saint Michael,sample_0078,155.64,161.72,6.08,3.91
BB08,Saint Michael,sample_0079,155.17,157.85,2.69,1.73
BB08,Saint Michael,sample_0080,173.33,185.93,12.6,7.27
BB08,Saint Michael,sample_0081,233.18,238.44,5.25,2.25
BB08,Saint Michael,sample_0082,194.45,190.45,-4.0,-2.06
BB08,Saint Michael,sample_0083,200.07,207.01,6.95,3.47
BB08,Saint Michael,sample_0084,186.79,192.99,6.2,3.32
BB08,Saint Michael,sample_0085,281.66,284.38,2.72,0.97
BB08,Saint Michael,sample_0086,267.03,272.59,5.56,2.08
BB08,Saint Michael,sample_0087,175.29,178.99,3.71,2.12
BB08,Saint Michael,sample_0088,172.28,175.84,3.56,2.06
BB08,Saint Michael,sample_0089,200.9,205.47,4.57,2.27
BB08,Saint Michael,sample_0090,210.93,215.45,4.52,2.14
BB08,Saint Michael,sample_0091,194.26,206.74,12.48,6.42
BB08,Saint Michael,sample_0092,199.58,200.13,0.56,0.28
BB08,Saint Michael,sample_0093,193.68,205.74,12.06,6.23
BB08,Saint Michael,sample_0094,220.79,229.31,8.53,3.86
BB08,Saint Michael,sample_0095,190.13,193.62,3.49,1.84
BB08,Saint Michael,sample_0096,265.58,268.51,2.93,1.1
BB08,Saint Michael,sample_0097,55.46,57.51,2.04,3.68
BB08,Saint Michael,sample_0098,225.18,232.28,7.1,3.15
BB08,Saint Michael,sample_0099,293.13,286.55,-6.58,-2.25
BB08,Saint Michael,sample_0100,164.64,172.56,7.92,4.81
BB08,Saint Michael,sample_0101,287.72,293.3,5.58,1.94
BB08,Saint Michael,sample_0102,219.92,229.66,9.74,4.43
BB08,Saint Michael,sample_0103,367.34,366.61,-0.74,-0.2
BB08,Saint Michael,sample_0104,112.43,118.02,5.59,4.97
BB08,Saint Michael,sample_0105,276.1,279.34,3.24,1.17
BB08,Saint Michael,sample_0106,352.77,361.73,8.95,2.54
BB08,Saint Michael,sample_0107,265.13,269.31,4.18,1.58
BB08,Saint Michael,sample_0108,295.44,300.0,4.56,1.54
BB08,Saint Michael,sample_0109,296.46,303.1,6.64,2.24
BB08,Saint Michael,sample_0110,349.49,346.14,-3.36,-0.96
BB08,Saint Michael,sample_0111,240.89,247.75,6.86,2.85
BB08,Saint Michael,sample_0112,254.56,259.64,5.08,1.99
BB08,Saint Michael,sample_0113,307.97,311.98,4.01,1.3
BB08,Saint Michael,sample_0114,286.54,297.41,10.87,3.79
BB08,Saint Michael,sample_0115,349.29,353.72,4.43,1.27
BB08,Saint Michael,sample_0116,363.26,369.26,6.0,1.65
BB08,Saint Michael,sample_0117,372.42,377.02,4.6,1.24
BB08,Saint Michael,sample_0118,296.19,303.77,7.59,2.56
BB08,Saint Michael,sample_0119,272.35,284.72,12.37,4.54
BB08,Saint Michael,sample_0120,327.8,335.56,7.76,2.37
BB08,Saint Michael,sample_0121,456.5,462.39,5.89,1.29
BB08,Saint Michael,sample_0122,273.37,279.95,6.58,2.41
BB08,Saint Michael,sample_0123,318.64,323.02,4.38,1.37
BB08,Saint Michael,sample_0124,288.31,295.35,7.04,2.44
BB08,Saint Michael,sample_0125,385.37,387.38,2.01,0.52
BB08,Saint Michael,sample_0126,405.54,406.89,1.35,0.33
BB08,Saint Michael,sample_0127,382.52,390.57,8.05,2.1
BB08,Saint Michael,sample_0128,133.99,143.24,9.25,6.91
BB08,Saint Michael,sample_0129,310.63,316.69,6.06,1.95
BB08,Saint Michael,sample_0130,244.48,255.88,11.4,4.66
BB08,Saint Michael,sample_0131,317.81,322.0,4.18,1.32
BB08,Saint Michael,sample_0132,395.07,397.42,2.36,0.6
BB08,Saint Michael,sample_0133,340.76,344.56,3.8,1.11
BB08,Saint Michael,sample_0134,326.26,326.26,0.01,0.0
BB08,Saint Michael,sample_0135,249.31,254.19,4.88,1.96
BB08,Saint Michael,sample_0136,489.89,492.14,2.25,0.46
BB08,Saint Michael,sample_0137,323.84,333.76,9.91,3.06
BB08,Saint Michael,sample_0138,355.54,355.05,-0.49,-0.14
BB08,Saint Michael,sample_0139,353.44,354.07,0.63,0.18
BB08,Saint Michael,sample_0140,404.26,414.43,10.17,2.52
BB08,Saint Michael,sample_0141,201.66,210.38,8.72,4.33
BB08,Saint Michael,sample_0142,325.93,339.38,13.46,4.13
BB08,Saint Michael,sample_0143,339.56,340.88,1.33,0.39
BB08,Saint Michael,sample_0144,428.15,429.58,1.43,0.33
BB08,Saint Michael,sample_0145,412.63,419.81,7.18,1.74
BB08,Saint Michael,sample_0146,400.22,408.93,8.72,2.18
BB08,Saint Michael,sample_0147,358.65,366.02,7.37,2.05
BB08,Saint Michael,sample_0148,105.97,108.23,2.25,2.13
BB08,Saint Michael,sample_0149,343.76,347.8,4.04,1.18
BB08,Saint Michael,sample_0150,443.15,449.75,6.6,1.49
BB08,Saint Michael,sample_0151,409.19,417.81,8.62,2.11
BB08,Saint Michael,sample_0152,549.37,551.14,1.77,0.32
BB08,Saint Michael,sample_0153,491.95,495.77,3.82,0.78
BB08,Saint Michael,sample_0154,197.35,203.61,6.26,3.17
BB08,Saint Michael,sample_0155,479.08,482.74,3.65,0.76
BB08,Saint Michael,sample_0156,368.87,371.38,2.5,0.68
BB08,Saint Michael,sample_0157,387.29,398.14,10.85,2.8
BB08,Saint Michael,sample_0158,531.55,535.19,3.63,0.68
BB08,Saint Michael,sample_0159,409.9,413.0,3.11,0.76
BB08,Saint Michael,sample_0160,532.84,536.99,4.14,0.78
BB08,Saint Michael,sample_0161,488.06,492.84,4.78,0.98
BB08,Saint Michael,sample_0162,283.45,285.41,1.96,0.69
BB08,Saint Michael,sample_0163,622.94,626.03,3.09,0.5
BB08,Saint Michael,sample_0164,567.19,572.43,5.24,0.92
BB08,Saint Michael,sample_0165,250.53,251.89,1.36,0.54
BB08,Saint Michael,sample_0166,431.8,437.81,6.01,1.39
BB08,Saint Michael,sample_0167,415.11,421.68,6.57,1.58
BB08,Saint Michael,sample_0168,380.23,384.06,3.83,1.01
BB08,Saint Michael,sample_0169,422.24,427.94,5.7,1.35
BB08,Saint Michael,sample_0170,434.53,440.76,6.24,1.44
BB08,Saint Michael,sample_0171,460.22,457.29,-2.93,-0.64
BB08,Saint Michael,sample_0172,379.12,381.73,2.61,0.69
BB08,Saint Michael,sample_0173,409.79,413.73,3.93,0.96
BB08,Saint Michael,sample_0174,473.81,472.69,-1.12,-0.24
BB08,Saint Michael,sample_0175,407.22,410.77,3.55,0.87
BB08,Saint Michael,sample_0176,656.41,662.35,5.94,0.9
BB08,Saint Michael,sample_0177,492.03,494.87,2.83,0.58
BB08,Saint Michael,sample_0178,710.61,711.67,1.05,0.15
BB08,Saint Michael,sample_0179,380.38,382.89,2.51,0.66
BB08,Saint Michael,sample_0180,437.86,438.48,0.61,0.14
BB08,Saint Michael,sample_0181,594.99,595.55,0.56,0.09
BB08,Saint Michael,sample_0182,505.79,506.25,0.47,0.09
BB08,Saint Michael,sample_0183,574.52,578.13,3.61,0.63
BB08,Saint Michael,sample_0184,387.67,388.79,1.12,0.29
BB08,Saint Michael,sample_0185,387.67,388.79,1.12,0.29
BB08,Saint Michael,sample_0186,387.26,393.58,6.32,1.63
BB08,Saint Michael,sample_0187,591.99,594.4,2.42,0.41
BB08,Saint Michael,sample_0188,678.89,684.97,6.08,0.9
BB08,Saint Michael,sample_0189,784.53,787.25,2.72,0.35
BB08,Saint Michael,sample_0190,626.14,623.56,-2.58,-0.41
BB08,Saint Michael,sample_0191,850.71,852.49,1.78,0.21
BB08,Saint Michael,sample_0192,556.92,562.95,6.03,1.08
BB08,Saint Michael,sample_0193,623.79,627.57,3.78,0.61
BB08,Saint Michael,sample_0194,471.6,469.83,-1.77,-0.38
BB08,Saint Michael,sample_0195,513.29,514.21,0.92,0.18
BB08,Saint Michael,sample_0196,769.48,770.66,1.19,0.15
BB08,Saint Michael,sample_0197,791.57,789.4,-2.16,-0.27
BB08,Saint Michael,sample_0198,895.62,896.98,1.35,0.15
BB08,Saint Michael,sample_0199,771.71,772.53,0.82,0.11
BB08,Saint Michael,sample_0200,1034.54,1038.46,3.92,0.38
BB09,Saint Peter,sample_0001,1050.21,1054.34,4.13,0.39
BB09,Saint Peter,sample_0002,0.0,0.23,0.23,
BB09,Saint Peter,sample_0003,0.0,0.52,0.52,
BB09,Saint Peter,sample_0004,0.0,0.58,0.58,
BB09,Saint Peter,sample_0005,0.98,5.92,4.95,506.85
BB09,Saint Peter,sample_0006,3.24,8.58,5.34,164.69
BB09,Saint Peter,sample_0007,7.07,9.57,2.51,35.46
BB09,Saint Peter,sample_0008,2.43,4.38,1.95,80.54
BB09,Saint Peter,sample_0009,1.46,5.18,3.72,254.2
BB09,Saint Peter,sample_0010,15.58,17.52,1.94,12.45
BB09,Saint Peter,sample_0011,0.0,0.0,0.0,
BB09,Saint Peter,sample_0012,14.97,16.14,1.18,7.86
BB09,Saint Peter,sample_0013,13.29,17.84,4.55,34.25
BB09,Saint Peter,sample_0014,34.72,36.81,2.09,6.02
BB09,Saint Peter,sample_0015,26.52,31.71,5.2,19.6
BB09,Saint Peter,sample_0016,6.79,12.22,5.43,79.88
BB09,Saint Peter,sample_0017,47.11,64.65,17.54,37.23
BB09,Saint Peter,sample_0018,0.0,0.0,0.0,
BB09,Saint Peter,sample_0019,21.67,25.17,3.5,16.15
BB09,Saint Peter,sample_0020,32.01,37.21,5.21,16.27
BB09,Saint Peter,sample_0021,70.3,69.04,-1.26,-1.79
BB09,Saint Peter,sample_0022,16.8,19.59,2.8,16.65
BB09,Saint Peter,sample_0023,29.25,36.34,7.09,24.25
BB09,Saint Peter,sample_0024,23.8,29.52,5.72,24.06
BB09,Saint Peter,sample_0025,60.88,63.18,2.3,3.78
BB09,Saint Peter,sample_0026,53.25,59.17,5.92,11.12
BB09,Saint Peter,sample_0027,58.09,64.34,6.25,10.76
BB09,Saint Peter,sample_0028,65.2,71.37,6.16,9.45
BB09,Saint Peter,sample_0029,0.0,0.04,0.04,
BB09,Saint Peter,sample_0030,75.35,84.81,9.46,12.56
BB09,Saint Peter,sample_0031,65.17,68.63,3.47,5.32
BB09,Saint Peter,sample_0032,66.11,70.81,4.69,7.1
BB09,Saint Peter,sample_0033,81.46,81.92,0.46,0.56
BB09,Saint Peter,sample_0034,104.14,109.39,5.26,5.05
BB09,Saint Peter,sample_0035,66.56,66.24,-0.31,-0.47
BB09,Saint Peter,sample_0036,111.35,113.62,2.27,2.04
BB09,Saint Peter,sample_0037,158.56,167.0,8.44,5.32
BB09,Saint Peter,sample_0038,104.27,106.71,2.44,2.34
BB09,Saint Peter,sample_0039,59.76,66.38,6.62,11.07
BB09,Saint Peter,sample_0040,58.4,62.84,4.45,7.61
BB09,Saint Peter,sample_0041,97.52,100.72,3.2,3.28
BB09,Saint Peter,sample_0042,88.35,100.58,12.22,13.84
BB09,Saint Peter,sample_0043,87.58,90.53,2.95,3.37
BB09,Saint Peter,sample_0044,48.27,53.05,4.78,9.9
BB09,Saint Peter,sample_0045,83.64,87.22,3.58,4.28
BB09,Saint Peter,sample_0046,157.33,161.0,3.67,2.33
BB09,Saint Peter,sample_0047,273.37,276.39,3.02,1.1
BB09,Saint Peter,sample_0048,80.94,86.59,5.65,6.98
BB09,Saint Peter,sample_0049,154.23,156.33,2.1,1.36
BB09,Saint Peter,sample_0050,94.04,98.65,4.6,4.9
BB09,Saint Peter,sample_0051,148.69,158.61,9.92,6.67
BB09,Saint Peter,sample_0052,118.42,120.09,1.67,1.41
BB09,Saint Peter,sample_0053,320.85,321.38,0.53,0.16
BB09,Saint Peter,sample_0054,155.11,160.09,4.98,3.21
BB09,Saint Peter,sample_0055,202.86,209.82,6.96,3.43
BB09,Saint Peter,sample_0056,277.89,279.38,1.49,0.54
BB09,Saint Peter,sample_0057,139.34,145.71,6.37,4.57
BB09,Saint Peter,sample_0058,8.45,8.95,0.5,5.92
BB09,Saint Peter,sample_0059,117.18,119.12,1.93,1.65
BB09,Saint Peter,sample_0060,141.54,152.99,11.45,8.09
BB09,Saint Peter,sample_0061,189.37,198.22,8.85,4.67
BB09,Saint Peter,sample_0062,142.07,148.0,5.93,4.17
BB09,Saint Peter,sample_0063,78.1,88.15,10.05,12.87
BB09,Saint Peter,sample_0064,205.0,209.66,4.67,2.28
BB09,Saint Peter,sample_0065,24.92,30.45,5.53,22.21
BB09,Saint Peter,sample_0066,152.55,168.06,15.51,10.17
BB09,Saint Peter,sample_0067,211.81,219.69,7.88,3.72
BB09,Saint Peter,sample_0068,241.38,245.75,4.37,1.81
BB09,Saint Peter,sample_0069,182.15,190.31,8.17,4.48
BB09,Saint Peter,sample_0070,150.97,156.08,5.11,3.39
BB09,Saint Peter,sample_0071,247.89,245.3,-2.59,-1.04
BB09,Saint Peter,sample_0072,286.62,291.88,5.26,1.83
BB09,Saint Peter,sample_0073,309.35,318.13,8.78,2.84
BB09,Saint Peter,sample_0074,145.07,155.66,10.59,7.3
BB09,Saint Peter,sample_0075,263.6,273.75,10.15,3.85
BB09,Saint Peter,sample_0076,145.55,150.9,5.35,3.68
BB09,Saint Peter,sample_0077,179.61,183.59,3.98,2.21
BB09,Saint Peter,sample_0078,133.57,139.31,5.74,4.3
BB09,Saint Peter,sample_0079,225.16,225.89,0.73,0.32
BB09,Saint Peter,sample_0080,159.39,169.94,10.56,6.62
BB09,Saint Peter,sample_0081,250.3,255.3,5.0,2.0
BB09,Saint Peter,sample_0082,157.65,162.68,5.03,3.19
BB09,Saint Peter,sample_0083,147.45,152.07,4.62,3.13
BB09,Saint Peter,sample_0084,219.09,220.75,1.66,0.76
BB09,Saint Peter,sample_0085,283.73,291.34,7.61,2.68
BB09,Saint Peter,sample_0086,259.3,262.16,2.87,1.11
BB09,Saint Peter,sample_0087,207.16,210.9,3.74,1.8
BB09,Saint Peter,sample_0088,248.03,251.23,3.2,1.29
BB09,Saint Peter,sample_0089,178.76,183.09,4.33,2.42
BB09,Saint Peter,sample_0090,208.07,222.14,14.07,6.76
BB09,Saint Peter,sample_0091,217.98,228.23,10.25,4.7
BB09,Saint Peter,sample_0092,296.11,297.79,1.68,0.57
BB09,Saint Peter,sample_0093,210.47,215.72,5.25,2.5
BB09,Saint Peter,sample_0094,285.59,290.89,5.3,1.86
BB09,Saint Peter,sample_0095,105.09,113.75,8.65,8.23
BB09,Saint Peter,sample_0096,271.06,274.21,3.15,1.16
BB09,Saint Peter,sample_0097,18.6,21.13,2.53,13.59
BB09,Saint Peter,sample_0098,308.67,313.73,5.06,1.64
BB09,Saint Peter,sample_0099,436.8,409.83,-26.96,-6.17
BB09,Saint Peter,sample_0100,201.26,206.83,5.57,2.77
BB09,Saint Peter,sample_0101,332.0,343.31,11.31,3.41
BB09,Saint Peter,sample_0102,197.91,201.89,3.98,2.01
BB09,Saint Peter,sample_0103,192.7,197.18,4.49,2.33
BB09,Saint Peter,sample_0104,103.48,106.72,3.23,3.12
BB09,Saint Peter,sample_0105,235.38,242.17,6.79,2.88
BB09,Saint Peter,sample_0106,179.8,189.89,10.09,5.61
BB09,Saint Peter,sample_0107,312.91,315.77,2.86,0.92
BB09,Saint Peter,sample_0108,238.97,249.35,10.38,4.35
BB09,Saint Peter,sample_0109,346.84,352.56,5.71,1.65
BB09,Saint Peter,sample_0110,260.56,261.39,0.83,0.32
BB09,Saint Peter,sample_0111,268.75,278.17,9.42,3.51
BB09,Saint Peter,sample_0112,183.57,189.81,6.24,3.4
BB09,Saint Peter,sample_0113,350.86,357.63,6.78,1.93
BB09,Saint Peter,sample_0114,280.69,285.96,5.28,1.88
BB09,Saint Peter,sample_0115,296.88,306.2,9.32,3.14
BB09,Saint Peter,sample_0116,310.77,318.47,7.7,2.48
BB09,Saint Peter,sample_0117,225.84,229.96,4.12,1.83
BB09,Saint Peter,sample_0118,322.86,334.09,11.23,3.48
BB09,Saint Peter,sample_0119,304.42,309.89,5.48,1.8
BB09,Saint Peter,sample_0120,339.31,341.76,2.45,0.72
BB09,Saint Peter,sample_0121,371.33,381.16,9.83,2.65
BB09,Saint Peter,sample_0122,340.56,346.76,6.21,1.82
BB09,Saint Peter,sample_0123,303.15,309.78,6.63,2.19
BB09,Saint Peter,sample_0124,282.18,286.74,4.56,1.61
BB09,Saint Peter,sample_0125,312.4,314.59,2.19,0.7
BB09,Saint Peter,sample_0126,268.36,274.11,5.75,2.14
BB09,Saint Peter,sample_0127,271.55,275.99,4.44,1.64
BB09,Saint Peter,sample_0128,404.85,407.91,3.06,0.76
BB09,Saint Peter,sample_0129,266.22,273.13,6.91,2.6
BB09,Saint Peter,sample_0130,291.28,298.3,7.02,2.41
BB09,Saint Peter,sample_0131,304.47,309.7,5.23,1.72
BB09,Saint Peter,sample_0132,248.1,252.28,4.18,1.68
BB09,Saint Peter,sample_0133,416.74,426.82,10.08,2.42
BB09,Saint Peter,sample_0134,311.44,318.28,6.83,2.19
BB09,Saint Peter,sample_0135,160.14,163.89,3.75,2.34
BB09,Saint Peter,sample_0136,288.83,297.17,8.34,2.89
BB09,Saint Peter,sample_0137,187.55,195.73,8.17,4.36
BB09,Saint Peter,sample_0138,549.33,548.2,-1.12,-0.2
BB09,Saint Peter,sample_0139,464.97,463.74,-1.23,-0.26
BB09,Saint Peter,sample_0140,348.07,358.29,10.22,2.94
BB09,Saint Peter,sample_0141,521.06,522.12,1.06,0.2
BB09,Saint Peter,sample_0142,290.41,302.77,12.36,4.26
BB09,Saint Peter,sample_0143,426.74,431.85,5.11,1.2
BB09,Saint Peter,sample_0144,379.71,381.64,1.93,0.51
BB09,Saint Peter,sample_0145,455.17,458.0,2.83,0.62
BB09,Saint Peter,sample_0146,337.05,345.38,8.33,2.47
BB09,Saint Peter,sample_0147,480.91,486.92,6.01,1.25
BB09,Saint Peter,sample_0148,82.46,83.23,0.77,0.94
BB09,Saint Peter,sample_0149,411.74,415.1,3.36,0.82
BB09,Saint Peter,sample_0150,441.27,444.32,3.06,0.69
BB09,Saint Peter,sample_0151,376.66,378.61,1.94,0.52
BB09,Saint Peter,sample_0152,341.42,347.92,6.49,1.9
BB09,Saint Peter,sample_0153,346.13,355.85,9.72,2.81
BB09,Saint Peter,sample_0154,389.27,392.44,3.16,0.81
BB09,Saint Peter,sample_0155,390.93,398.9,7.97,2.04
BB09,Saint Peter,sample_0156,312.68,312.88,0.2,0.06
BB09,Saint Peter,sample_0157,459.43,463.88,4.45,0.97
BB09,Saint Peter,sample_0158,364.18,362.28,-1.91,-0.52
BB09,Saint Peter,sample_0159,432.05,434.09,2.04,0.47
BB09,Saint Peter,sample_0160,361.4,364.34,2.94,0.81
BB09,Saint Peter,sample_0161,420.48,421.28,0.8,0.19
BB09,Saint Peter,sample_0162,577.58,577.43,-0.15,-0.03
BB09,Saint Peter,sample_0163,250.68,257.91,7.23,2.88
BB09,Saint Peter,sample_0164,505.41,513.49,8.08,1.6
BB09,Saint Peter,sample_0165,476.57,476.52,-0.04,-0.01
BB09,Saint Peter,sample_0166,499.94,500.5,0.56,0.11
BB09,Saint Peter,sample_0167,506.7,515.58,8.89,1.75
BB09,Saint Peter,sample_0168,625.31,626.05,0.74,0.12
BB09,Saint Peter,sample_0169,523.94,522.57,-1.37,-0.26
BB09,Saint Peter,sample_0170,520.22,517.75,-2.47,-0.47
BB09,Saint Peter,sample_0171,485.46,484.23,-1.23,-0.25
BB09,Saint Peter,sample_0172,223.93,224.32,0.39,0.17
BB09,Saint Peter,sample_0173,582.07,580.97,-1.1,-0.19
BB09,Saint Peter,sample_0174,542.53,537.26,-5.27,-0.97
BB09,Saint Peter,sample_0175,398.94,401.99,3.04,0.76
BB09,Saint Peter,sample_0176,528.63,531.81,3.19,0.6
BB09,Saint Peter,sample_0177,570.48,562.47,-8.02,-1.41
BB09,Saint Peter,sample_0178,634.78,632.82,-1.97,-0.31
BB09,Saint Peter,sample_0179,456.51,462.64,6.14,1.34
BB09,Saint Peter,sample_0180,391.25,390.31,-0.95,-0.24
BB09,Saint Peter,sample_0181,604.34,608.35,4.01,0.66
BB09,Saint Peter,sample_0182,448.84,454.87,6.02,1.34
BB09,Saint Peter,sample_0183,686.61,689.84,3.23,0.47
BB09,Saint Peter,sample_0184,455.73,456.93,1.19,0.26
BB09,Saint Peter,sample_0185,455.73,456.93,1.19,0.26
BB09,Saint Peter,sample_0186,494.88,496.06,1.18,0.24
BB09,Saint Peter,sample_0187,583.46,587.66,4.2,0.72
BB09,Saint Peter,sample_0188,614.01,619.53,5.52,0.9
BB09,Saint Peter,sample_0189,477.68,486.11,8.42,1.76
BB09,Saint Peter,sample_0190,593.21,592.77,-0.43,-0.07
BB09,Saint Peter,sample_0191,518.56,524.22,5.66,1.09
BB09,Saint Peter,sample_0192,767.37,772.64,5.27,0.69
BB09,Saint Peter,sample_0193,592.82,599.06,6.24,1.05
BB09,Saint Peter,sample_0194,747.56,748.54,0.98,0.13
BB09,Saint Peter,sample_0195,728.47,738.11,9.64,1.32
BB09,Saint Peter,sample_0196,768.28,766.04,-2.24,-0.29
BB09,Saint Peter,sample_0197,637.27,639.72,2.45,0.38
BB09,Saint Peter,sample_0198,618.62,616.48,-2.15,-0.35
BB09,Saint Peter,sample_0199,908.29,909.31,1.02,0.11
BB09,Saint Peter,sample_0200,757.28,757.64,0.35,0.05
BB10,Saint Philip,sample_0001,1027.75,1031.02,3.27,0.32
BB10,Saint Philip,sample_0002,0.0,0.06,0.06,
BB10,Saint Philip,sample_0003,0.0,0.46,0.46,
BB10,Saint Philip,sample_0004,0.0,1.05,1.05,
BB10,Saint Philip,sample_0005,0.0,1.39,1.39,
BB10,Saint Philip,sample_0006,1.8,4.82,3.02,167.84
BB10,Saint Philip,sample_0007,0.21,2.02,1.81,856.26
BB10,Saint Philip,sample_0008,5.4,7.46,2.06,38.16
BB10,Saint Philip,sample_0009,5.65,9.17,3.52,62.36
BB10,Saint Philip,sample_0010,11.25,12.8,1.55,13.78
BB10,Saint Philip,sample_0011,0.0,0.0,0.0,
BB10,Saint Philip,sample_0012,14.94,17.25,2.31,15.46
BB10,Saint Philip,sample_0013,16.21,20.82,4.61,28.41
BB10,Saint Philip,sample_0014,17.79,20.79,3.01,16.91
BB10,Saint Philip,sample_0015,16.19,18.6,2.41,14.86
BB10,Saint Philip,sample_0016,1.53,4.27,2.74,178.36
BB10,Saint Philip,sample_0017,11.09,17.2,6.11,55.09
BB10,Saint Philip,sample_0018,0.0,0.0,0.0,
BB10,Saint Philip,sample_0019,45.68,49.22,3.54,7.75
BB10,Saint Philip,sample_0020,44.49,48.61,4.12,9.27
BB10,Saint Philip,sample_0021,24.02,28.04,4.01,16.7
BB10,Saint Philip,sample_0022,42.09,48.19,6.09,14.48
BB10,Saint Philip,sample_0023,39.68,44.43,4.76,11.99
BB10,Saint Philip,sample_0024,92.0,94.43,2.43,2.64
BB10,Saint Philip,sample_0025,36.68,42.08,5.39,14.7
BB10,Saint Philip,sample_0026,32.55,39.57,7.02,21.56
BB10,Saint Philip,sample_0027,44.14,46.91,2.77,6.28
BB10,Saint Philip,sample_0028,49.27,56.5,7.23,14.67
BB10,Saint Philip,sample_0029,1.74,1.85,0.11,6.17
BB10,Saint Philip,sample_0030,33.1,38.76,5.65,17.07
BB10,Saint Philip,sample_0031,44.36,46.28,1.92,4.33
BB10,Saint Philip,sample_0032,79.84,83.38,3.54,4.43
BB10,Saint Philip,sample_0033,181.24,184.31,3.06,1.69
BB10,Saint Philip,sample_0034,98.76,98.38,-0.38,-0.39
BB10,Saint Philip,sample_0035,79.41,82.82,3.42,4.3
BB10,Saint Philip,sample_0036,67.41,72.44,5.04,7.48
BB10,Saint Philip,sample_0037,80.84,86.8,5.96,7.37
BB10,Saint Philip,sample_0038,109.6,116.06,6.46,5.9
BB10,Saint Philip,sample_0039,73.03,79.66,6.63,9.08
BB10,Saint Philip,sample_0040,181.03,189.86,8.83,4.88
BB10,Saint Philip,sample_0041,126.41,128.94,2.53,2.0
BB10,Saint Philip,sample_0042,99.51,105.78,6.27,6.3
BB10,Saint Philip,sample_0043,142.7,149.25,6.55,4.59
BB10,Saint Philip,sample_0044,159.28,162.69,3.42,2.15
BB10,Saint Philip,sample_0045,117.57,119.23,1.66,1.41
BB10,Saint Philip,sample_0046,93.98,101.54,7.56,8.04
BB10,Saint Philip,sample_0047,33.26,34.98,1.72,5.17
BB10,Saint Philip,sample_0048,143.79,146.52,2.74,1.9
BB10,Saint Philip,sample_0049,88.94,94.85,5.91,6.64
BB10,Saint Philip,sample_0050,190.33,193.53,3.2,1.68
BB10,Saint Philip,sample_0051,108.2,117.34,9.15,8.45
BB10,Saint Philip,sample_0052,101.03,106.55,5.52,5.46
BB10,Saint Philip,sample_0053,50.71,53.73,3.02,5.96
BB10,Saint Philip,sample_0054,126.58,133.39,6.81,5.38
BB10,Saint Philip,sample_0055,83.49,88.64,5.15,6.17
BB10,Saint Philip,sample_0056,82.37,85.29,2.92,3.54
BB10,Saint Philip,sample_0057,130.57,134.92,4.35,3.33
BB10,Saint Philip,sample_0058,27.98,29.49,1.51,5.4
BB10,Saint Philip,sample_0059,204.4,207.04,2.64,1.29
BB10,Saint Philip,sample_0060,176.26,178.2,1.94,1.1
BB10,Saint Philip,sample_0061,207.9,212.75,4.84,2.33
BB10,Saint Philip,sample_0062,171.06,176.2,5.15,3.01
BB10,Saint Philip,sample_0063,172.46,183.76,11.31,6.56
BB10,Saint Philip,sample_0064,150.9,154.35,3.45,2.29
BB10,Saint Philip,sample_0065,18.62,22.47,3.85,20.66
BB10,Saint Philip,sample_0066,172.95,190.01,17.07,9.87
BB10,Saint Philip,sample_0067,133.02,146.02,13.0,9.78
BB10,Saint Philip,sample_0068,154.03,157.53,3.49,2.27
BB10,Saint Philip,sample_0069,150.96,161.49,10.53,6.97
BB10,Saint Philip,sample_0070,242.64,243.41,0.78,0.32
BB10,Saint Philip,sample_0071,153.18,154.48,1.3,0.85
BB10,Saint Philip,sample_0072,98.55,107.86,9.31,9.45
BB10,Saint Philip,sample_0073,126.12,128.39,2.26,1.79
BB10,Saint Philip,sample_0074,178.76,187.69,8.93,5.0
BB10,Saint Philip,sample_0075,138.38,148.82,10.45,7.55
BB10,Saint Philip,sample_0076,192.66,198.97,6.31,3.28
BB10,Saint Philip,sample_0077,255.82,259.02,3.2,1.25
BB10,Saint Philip,sample_0078,294.71,294.19,-0.52,-0.18
BB10,Saint Philip,sample_0079,222.55,223.71,1.16,0.52
BB10,Saint Philip,sample_0080,208.43,220.86,12.42,5.96
BB10,Saint Philip,sample_0081,147.29,156.54,9.25,6.28
BB10,Saint Philip,sample_0082,238.76,244.74,5.98,2.5
BB10,Saint Philip,sample_0083,210.65,218.57,7.91,3.76
BB10,Saint Philip,sample_0084,223.58,229.81,6.23,2.79
BB10,Saint Philip,sample_0085,110.32,118.06,7.74,7.02
BB10,Saint Philip,sample_0086,145.51,157.99,12.49,8.58
BB10,Saint Philip,sample_0087,210.64,214.57,3.94,1.87
BB10,Saint Philip,sample_0088,173.93,179.95,6.02,3.46
BB10,Saint Philip,sample_0089,189.37,195.73,6.37,3.36
BB10,Saint Philip,sample_0090,232.71,239.32,6.61,2.84
BB10,Saint Philip,sample_0091,207.15,215.58,8.42,4.07
BB10,Saint Philip,sample_0092,246.69,248.67,1.98,0.8
BB10,Saint Philip,sample_0093,230.47,243.17,12.7,5.51
BB10,Saint Philip,sample_0094,323.79,328.93,5.14,1.59
BB10,Saint Philip,sample_0095,343.12,346.12,3.0,0.88
BB10,Saint Philip,sample_0096,256.66,259.55,2.89,1.13
BB10,Saint Philip,sample_0097,53.43,55.95,2.52,4.71
BB10,Saint Philip,sample_0098,227.32,236.34,9.02,3.97
BB10,Saint Philip,sample_0099,163.6,169.34,5.73,3.5
BB10,Saint Philip,sample_0100,243.47,257.4,13.93,5.72
BB10,Saint Philip,sample_0101,250.07,253.4,3.33,1.33
BB10,Saint Philip,sample_0102,420.18,423.27,3.08,0.73
BB10,Saint Philip,sample_0103,242.21,244.56,2.35,0.97
BB10,Saint Philip,sample_0104,122.21,123.54,1.33,1.09
BB10,Saint Philip,sample_0105,269.43,273.3,3.87,1.44
BB10,Saint Philip,sample_0106,330.35,336.78,6.43,1.95
BB10,Saint Philip,sample_0107,227.51,228.77,1.26,0.55
BB10,Saint Philip,sample_0108,280.3,288.59,8.29,2.96
BB10,Saint Philip,sample_0109,258.94,267.27,8.33,3.22
BB10,Saint Philip,sample_0110,256.6,260.08,3.49,1.36
BB10,Saint Philip,sample_0111,291.46,298.48,7.02,2.41
BB10,Saint Philip,sample_0112,438.86,445.51,6.66,1.52
BB10,Saint Philip,sample_0113,325.38,331.83,6.45,1.98
BB10,Saint Philip,sample_0114,287.07,296.42,9.35,3.26
BB10,Saint Philip,sample_0115,265.96,271.79,5.83,2.19
BB10,Saint Philip,sample_0116,293.64,303.37,9.72,3.31
BB10,Saint Philip,sample_0117,345.29,352.91,7.61,2.2
BB10,Saint Philip,sample_0118,297.67,303.43,5.76,1.93
BB10,Saint Philip,sample_0119,352.73,357.48,4.75,1.35
BB10,Saint Philip,sample_0120,274.89,280.23,5.33,1.94
BB10,Saint Philip,sample_0121,254.88,263.07,8.18,3.21
BB10,Saint Philip,sample_0122,349.28,356.2,6.92,1.98
BB10,Saint Philip,sample_0123,295.4,299.4,4.0,1.36
BB10,Saint Philip,sample_0124,319.25,323.58,4.32,1.35
BB10,Saint Philip,sample_0125,333.0,335.56,2.55,0.77
BB10,Saint Philip,sample_0126,230.33,235.21,4.88,2.12
BB10,Saint Philip,sample_0127,333.49,337.89,4.4,1.32
BB10,Saint Philip,sample_0128,322.54,330.01,7.48,2.32
BB10,Saint Philip,sample_0129,479.07,485.88,6.81,1.42
BB10,Saint Philip,sample_0130,405.25,416.6,11.35,2.8
BB10,Saint Philip,sample_0131,381.75,389.67,7.92,2.07
BB10,Saint Philip,sample_0132,358.16,360.83,2.67,0.75
BB10,Saint Philip,sample_0133,305.79,313.15,7.36,2.41
BB10,Saint Philip,sample_0134,279.76,284.53,4.77,1.71
BB10,Saint Philip,sample_0135,635.03,638.26,3.23,0.51
BB10,Saint Philip,sample_0136,302.08,308.68,6.6,2.18
BB10,Saint Philip,sample_0137,609.58,611.47,1.9,0.31
BB10,Saint Philip,sample_0138,65.96,67.73,1.78,2.69
BB10,Saint Philip,sample_0139,292.73,302.58,9.85,3.36
BB10,Saint Philip,sample_0140,362.78,372.82,10.04,2.77
BB10,Saint Philip,sample_0141,379.22,384.48,5.26,1.39
BB10,Saint Philip,sample_0142,402.25,404.65,2.39,0.6
BB10,Saint Philip,sample_0143,316.69,322.17,5.48,1.73
BB10,Saint Philip,sample_0144,560.19,562.31,2.12,0.38
BB10,Saint Philip,sample_0145,284.99,292.45,7.46,2.62
BB10,Saint Philip,sample_0146,396.24,405.41,9.17,2.31
BB10,Saint Philip,sample_0147,360.27,365.83,5.56,1.54
BB10,Saint Philip,sample_0148,91.24,93.79,2.56,2.8
BB10,Saint Philip,sample_0149,440.58,445.65,5.07,1.15
BB10,Saint Philip,sample_0150,289.16,296.09,6.93,2.4
BB10,Saint Philip,sample_0151,436.16,438.55,2.39,0.55
BB10,Saint Philip,sample_0152,358.64,363.05,4.41,1.23
BB10,Saint Philip,sample_0153,327.75,331.74,3.99,1.22
BB10,Saint Philip,sample_0154,415.3,421.64,6.34,1.53
BB10,Saint Philip,sample_0155,329.34,335.1,5.77,1.75
BB10,Saint Philip,sample_0156,483.29,483.82,0.53,0.11
BB10,Saint Philip,sample_0157,347.9,358.26,10.36,2.98
BB10,Saint Philip,sample_0158,337.53,339.81,2.28,0.68
BB10,Saint Philip,sample_0159,433.54,437.52,3.98,0.92
BB10,Saint Philip,sample_0160,362.57,364.79,2.22,0.61
BB10,Saint Philip,sample_0161,359.93,365.43,5.5,1.53
BB10,Saint Philip,sample_0162,301.21,303.58,2.36,0.79
BB10,Saint Philip,sample_0163,334.01,335.74,1.73,0.52
BB10,Saint Philip,sample_0164,340.26,341.9,1.65,0.48
BB10,Saint Philip,sample_0165,411.33,416.57,5.24,1.27
BB10,Saint Philip,sample_0166,323.71,330.5,6.79,2.1
BB10,Saint Philip,sample_0167,385.7,391.28,5.58,1.45
BB10,Saint Philip,sample_0168,351.04,352.96,1.92,0.55
BB10,Saint Philip,sample_0169,415.28,420.66,5.37,1.29
BB10,Saint Philip,sample_0170,405.37,410.35,4.99,1.23
BB10,Saint Philip,sample_0171,419.74,424.96,5.22,1.24
BB10,Saint Philip,sample_0172,782.02,787.62,5.6,0.72
BB10,Saint Philip,sample_0173,430.42,434.57,4.16,0.97
BB10,Saint Philip,sample_0174,419.82,423.06,3.24,0.77
BB10,Saint Philip,sample_0175,585.4,589.06,3.66,0.62
BB10,Saint Philip,sample_0176,417.63,420.2,2.57,0.62
BB10,Saint Philip,sample_0177,454.57,454.14,-0.43,-0.09
BB10,Saint Philip,sample_0178,311.18,314.17,3.0,0.96
BB10,Saint Philip,sample_0179,614.94,619.17,4.23,0.69
BB10,Saint Philip,sample_0180,601.78,603.41,1.63,0.27
BB10,Saint Philip,sample_0181,478.43,485.15,6.71,1.4
BB10,Saint Philip,sample_0182,649.93,652.25,2.31,0.36
BB10,Saint Philip,sample_0183,395.75,401.49,5.75,1.45
BB10,Saint Philip,sample_0184,656.31,659.49,3.18,0.49
BB10,Saint Philip,sample_0185,656.31,659.49,3.18,0.49
BB10,Saint Philip,sample_0186,622.47,624.69,2.22,0.36
BB10,Saint Philip,sample_0187,558.14,562.47,4.33,0.78
BB10,Saint Philip,sample_0188,616.39,621.48,5.09,0.82
BB10,Saint Philip,sample_0189,458.46,461.36,2.89,0.63
BB10,Saint Philip,sample_0190,549.77,553.13,3.36,0.61
BB10,Saint Philip,sample_0191,509.0,512.6,3.6,0.71
BB10,Saint Philip,sample_0192,485.45,488.52,3.07,0.63
BB10,Saint Philip,sample_0193,583.89,583.43,-0.46,-0.08
BB10,Saint Philip,sample_0194,656.35,655.55,-0.8,-0.12
BB10,Saint Philip,sample_0195,790.43,796.11,5.68,0.72
BB10,Saint Philip,sample_0196,839.58,838.98,-0.6,-0.07
BB10,Saint Philip,sample_0197,913.57,915.28,1.7,0.19
BB10,Saint Philip,sample_0198,773.28,769.45,-3.84,-0.5
BB10,Saint Philip,sample_0199,778.05,778.87,0.82,0.11
BB10,Saint Philip,sample_0200,929.36,930.01,0.65,0.07
BB11,Saint Thomas,sample_0001,849.96,850.28,0.32,0.04
BB11,Saint Thomas,sample_0002,0.0,0.33,0.33,
BB11,Saint Thomas,sample_0003,0.0,0.03,0.03,
BB11,Saint Thomas,sample_0004,0.0,1.82,1.82,
BB11,Saint Thomas,sample_0005,0.0,1.62,1.62,
BB11,Saint Thomas,sample_0006,7.12,10.79,3.67,51.51
BB11,Saint Thomas,sample_0007,3.41,5.88,2.47,72.59
BB11,Saint Thomas,sample_0008,7.27,9.77,2.5,34.38
BB11,Saint Thomas,sample_0009,9.54,12.8,3.26,34.19
BB11,Saint Thomas,sample_0010,2.18,3.96,1.78,81.42
BB11,Saint Thomas,sample_0011,0.0,0.0,0.0,
BB11,Saint Thomas,sample_0012,21.73,24.05,2.32,10.66
BB11,Saint Thomas,sample_0013,10.73,15.99,5.26,49.0
BB11,Saint Thomas,sample_0014,14.26,17.99,3.74,26.21
BB11,Saint Thomas,sample_0015,8.53,14.35,5.82,68.17
BB11,Saint Thomas,sample_0016,4.54,9.25,4.7,103.48
BB11,Saint Thomas,sample_0017,13.17,19.29,6.11,46.38
BB11,Saint Thomas,sample_0018,0.0,0.0,0.0,
BB11,Saint Thomas,sample_0019,42.78,47.48,4.7,10.99
BB11,Saint Thomas,sample_0020,21.61,27.07,5.46,25.29
BB11,Saint Thomas,sample_0021,38.15,40.22,2.07,5.43
BB11,Saint Thomas,sample_0022,28.18,32.79,4.62,16.38
BB11,Saint Thomas,sample_0023,19.41,26.17,6.76,34.83
BB11,Saint Thomas,sample_0024,65.31,67.06,1.75,2.68
BB11,Saint Thomas,sample_0025,67.86,70.78,2.92,4.3
BB11,Saint Thomas,sample_0026,56.63,58.41,1.78,3.14
BB11,Saint Thomas,sample_0027,39.59,43.05,3.46,8.73
BB11,Saint Thomas,sample_0028,49.48,56.82,7.33,14.82
BB11,Saint Thomas,sample_0029,0.0,0.09,0.09,
BB11,Saint Thomas,sample_0030,68.64,72.6,3.97,5.78
BB11,Saint Thomas,sample_0031,154.02,157.59,3.57,2.32
BB11,Saint Thomas,sample_0032,115.7,121.88,6.18,5.34
BB11,Saint Thomas,sample_0033,95.77,98.91,3.14,3.28
BB11,Saint Thomas,sample_0034,175.24,178.71,3.47,1.98
BB11,Saint Thomas,sample_0035,78.36,82.54,4.18,5.33
BB11,Saint Thomas,sample_0036,99.99,101.38,1.4,1.4
BB11,Saint Thomas,sample_0037,81.78,87.86,6.08,7.43
BB11,Saint Thomas,sample_0038,84.02,93.64,9.62,11.45
BB11,Saint Thomas,sample_0039,69.48,73.92,4.43,6.38
BB11,Saint Thomas,sample_0040,98.81,103.77,4.96,5.02
BB11,Saint Thomas,sample_0041,86.99,89.95,2.95,3.39
BB11,Saint Thomas,sample_0042,83.36,90.35,6.99,8.38
BB11,Saint Thomas,sample_0043,83.36,87.55,4.19,5.02
BB11,Saint Thomas,sample_0044,133.41,134.76,1.35,1.01
BB11,Saint Thomas,sample_0045,96.51,104.43,7.92,8.2
BB11,Saint Thomas,sample_0046,112.57,117.34,4.76,4.23
BB11,Saint Thomas,sample_0047,101.5,107.6,6.1,6.01
BB11,Saint Thomas,sample_0048,130.93,134.36,3.42,2.62
BB11,Saint Thomas,sample_0049,139.85,146.51,6.67,4.77
BB11,Saint Thomas,sample_0050,155.8,162.78,6.98,4.48
BB11,Saint Thomas,sample_0051,155.29,167.47,12.19,7.85
BB11,Saint Thomas,sample_0052,123.15,131.78,8.64,7.01
BB11,Saint Thomas,sample_0053,155.33,161.52,6.19,3.99
BB11,Saint Thomas,sample_0054,139.99,144.86,4.87,3.48
BB11,Saint Thomas,sample_0055,154.84,160.98,6.14,3.97
BB11,Saint Thomas,sample_0056,132.13,137.95,5.82,4.41
BB11,Saint Thomas,sample_0057,172.84,177.14,4.3,2.49
BB11,Saint Thomas,sample_0058,46.76,48.75,1.99,4.26
BB11,Saint Thomas,sample_0059,156.58,155.18,-1.4,-0.89
BB11,Saint Thomas,sample_0060,192.48,199.52,7.04,3.66
BB11,Saint Thomas,sample_0061,248.44,254.79,6.35,2.56
BB11,Saint Thomas,sample_0062,163.8,165.27,1.47,0.9
BB11,Saint Thomas,sample_0063,103.5,120.04,16.54,15.98
BB11,Saint Thomas,sample_0064,241.53,245.05,3.51,1.45
BB11,Saint Thomas,sample_0065,12.71,16.24,3.53,27.79
BB11,Saint Thomas,sample_0066,165.54,176.92,11.38,6.87
BB11,Saint Thomas,sample_0067,216.73,221.99,5.26,2.43
BB11,Saint Thomas,sample_0068,218.69,222.4,3.7,1.69
BB11,Saint Thomas,sample_0069,221.15,227.34,6.19,2.8
BB11,Saint Thomas,sample_0070,187.56,188.83,1.27,0.68
BB11,Saint Thomas,sample_0071,242.2,244.26,2.06,0.85
BB11,Saint Thomas,sample_0072,281.51,294.31,12.8,4.55
BB11,Saint Thomas,sample_0073,291.1,295.21,4.11,1.41
BB11,Saint Thomas,sample_0074,197.16,201.94,4.78,2.42
BB11,Saint Thomas,sample_0075,223.01,228.12,5.11,2.29
BB11,Saint Thomas,sample_0076,194.49,197.88,3.39,1.74
BB11,Saint Thomas,sample_0077,226.15,226.27,0.11,0.05
BB11,Saint Thomas,sample_0078,155.91,155.99,0.08,0.05
BB11,Saint Thomas,sample_0079,180.17,183.61,3.44,1.91
BB11,Saint Thomas,sample_0080,189.81,198.15,8.33,4.39
BB11,Saint Thomas,sample_0081,220.21,224.11,3.89,1.77
BB11,Saint Thomas,sample_0082,169.27,173.71,4.43,2.62
BB11,Saint Thomas,sample_0083,153.38,160.87,7.49,4.88
BB11,Saint Thomas,sample_0084,233.93,235.75,1.82,0.78
BB11,Saint Thomas,sample_0085,249.15,255.22,6.08,2.44
BB11,Saint Thomas,sample_0086,257.36,268.79,11.43,4.44
BB11,Saint Thomas,sample_0087,170.99,176.6,5.62,3.29
BB11,Saint Thomas,sample_0088,223.19,227.06,3.87,1.73
BB11,Saint Thomas,sample_0089,248.67,253.03,4.36,1.75
BB11,Saint Thomas,sample_0090,231.68,237.65,5.97,2.58
BB11,Saint Thomas,sample_0091,205.35,218.03,12.68,6.18
BB11,Saint Thomas,sample_0092,229.15,228.08,-1.07,-0.47
BB11,Saint Thomas,sample_0093,205.01,216.42,11.41,5.57
BB11,Saint Thomas,sample_0094,330.19,334.78,4.59,1.39
BB11,Saint Thomas,sample_0095,162.69,172.57,9.88,6.07
BB11,Saint Thomas,sample_0096,305.07,303.92,-1.16,-0.38
BB11,Saint Thomas,sample_0097,48.8,50.0,1.2,2.45
BB11,Saint Thomas,sample_0098,296.72,304.83,8.11,2.73
BB11,Saint Thomas,sample_0099,397.65,378.39,-19.25,-4.84
BB11,Saint Thomas,sample_0100,194.37,202.88,8.52,4.38
BB11,Saint Thomas,sample_0101,379.61,382.25,2.65,0.7
BB11,Saint Thomas,sample_0102,256.85,270.56,13.71,5.34
BB11,Saint Thomas,sample_0103,233.4,235.46,2.06,0.88
BB11,Saint Thomas,sample_0104,107.77,113.61,5.84,5.42
BB11,Saint Thomas,sample_0105,235.59,243.55,7.96,3.38
BB11,Saint Thomas,sample_0106,272.18,279.95,7.77,2.86
BB11,Saint Thomas,sample_0107,297.97,300.47,2.5,0.84
BB11,Saint Thomas,sample_0108,319.97,320.1,0.13,0.04
BB11,Saint Thomas,sample_0109,334.64,337.29,2.65,0.79
BB11,Saint Thomas,sample_0110,301.06,306.46,5.41,1.8
BB11,Saint Thomas,sample_0111,276.39,285.98,9.59,3.47
BB11,Saint Thomas,sample_0112,260.42,267.12,6.7,2.57
BB11,Saint Thomas,sample_0113,392.2,402.06,9.86,2.51
BB11,Saint Thomas,sample_0114,277.76,280.86,3.11,1.12
BB11,Saint Thomas,sample_0115,367.17,370.58,3.41,0.93
BB11,Saint Thomas,sample_0116,399.23,403.75,4.52,1.13
BB11,Saint Thomas,sample_0117,318.89,323.34,4.45,1.4
BB11,Saint Thomas,sample_0118,293.99,300.74,6.75,2.29
BB11,Saint Thomas,sample_0119,288.86,292.82,3.96,1.37
BB11,Saint Thomas,sample_0120,351.55,355.33,3.78,1.07
BB11,Saint Thomas,sample_0121,420.37,422.79,2.43,0.58
BB11,Saint Thomas,sample_0122,302.76,311.76,9.0,2.97
BB11,Saint Thomas,sample_0123,339.52,344.11,4.59,1.35
BB11,Saint Thomas,sample_0124,303.0,308.83,5.83,1.92
BB11,Saint Thomas,sample_0125,356.12,362.26,6.14,1.73
BB11,Saint Thomas,sample_0126,379.29,381.56,2.27,0.6
BB11,Saint Thomas,sample_0127,444.86,445.55,0.69,0.15
BB11,Saint Thomas,sample_0128,278.91,288.57,9.66,3.47
BB11,Saint Thomas,sample_0129,331.65,335.0,3.35,1.01
BB11,Saint Thomas,sample_0130,284.35,291.1,6.74,2.37
BB11,Saint Thomas,sample_0131,334.44,335.77,1.33,0.4
BB11,Saint Thomas,sample_0132,358.02,357.44,-0.58,-0.16
BB11,Saint Thomas,sample_0133,439.88,445.07,5.19,1.18
BB11,Saint Thomas,sample_0134,366.84,367.66,0.82,0.22
BB11,Saint Thomas,sample_0135,228.73,232.98,4.24,1.86
BB11,Saint Thomas,sample_0136,377.64,383.76,6.11,1.62
BB11,Saint Thomas,sample_0137,296.83,303.54,6.71,2.26
BB11,Saint Thomas,sample_0138,505.45,506.98,1.52,0.3
BB11,Saint Thomas,sample_0139,344.94,351.16,6.22,1.8
BB11,Saint Thomas,sample_0140,381.13,389.88,8.75,2.3
BB11,Saint Thomas,sample_0141,342.82,347.42,4.6,1.34
BB11,Saint Thomas,sample_0142,313.2,321.07,7.87,2.51
BB11,Saint Thomas,sample_0143,391.21,391.07,-0.14,-0.04
BB11,Saint Thomas,sample_0144,383.77,388.62,4.85,1.26
BB11,Saint Thomas,sample_0145,399.28,403.22,3.94,0.99
BB11,Saint Thomas,sample_0146,415.24,424.9,9.66,2.33
BB11,Saint Thomas,sample_0147,410.21,420.01,9.8,2.39
BB11,Saint Thomas,sample_0148,106.45,110.53,4.08,3.84
BB11,Saint Thomas,sample_0149,345.16,350.25,5.09,1.47
BB11,Saint Thomas,sample_0150,454.82,459.46,4.64,1.02
BB11,Saint Thomas,sample_0151,493.29,501.11,7.81,1.58
BB11,Saint Thomas,sample_0152,401.99,412.09,10.1,2.51
BB11,Saint Thomas,sample_0153,460.3,462.67,2.37,0.51
BB11,Saint Thomas,sample_0154,293.41,300.94,7.53,2.57
BB11,Saint Thomas,sample_0155,473.6,476.4,2.8,0.59
BB11,Saint Thomas,sample_0156,343.17,346.84,3.67,1.07
BB11,Saint Thomas,sample_0157,419.8,424.83,5.03,1.2
BB11,Saint Thomas,sample_0158,424.77,428.21,3.44,0.81
BB11,Saint Thomas,sample_0159,423.36,426.38,3.03,0.72
BB11,Saint Thomas,sample_0160,456.56,460.78,4.22,0.92
BB11,Saint Thomas,sample_0161,413.98,421.52,7.54,1.82
BB11,Saint Thomas,sample_0162,364.53,366.28,1.75,0.48
BB11,Saint Thomas,sample_0163,419.53,427.24,7.71,1.84
BB11,Saint Thomas,sample_0164,549.8,549.07,-0.73,-0.13
BB11,Saint Thomas,sample_0165,398.63,400.29,1.66,0.42
BB11,Saint Thomas,sample_0166,424.13,426.98,2.85,0.67
BB11,Saint Thomas,sample_0167,493.73,498.62,4.89,0.99
BB11,Saint Thomas,sample_0168,522.74,524.6,1.86,0.36
BB11,Saint Thomas,sample_0169,455.68,453.28,-2.4,-0.53
BB11,Saint Thomas,sample_0170,482.91,477.56,-5.34,-1.11
BB11,Saint Thomas,sample_0171,454.87,454.88,0.02,0.0
BB11,Saint Thomas,sample_0172,363.66,367.12,3.46,0.95
BB11,Saint Thomas,sample_0173,471.66,475.86,4.2,0.89
BB11,Saint Thomas,sample_0174,469.41,476.84,7.43,1.58
BB11,Saint Thomas,sample_0175,412.17,413.11,0.94,0.23
BB11,Saint Thomas,sample_0176,570.27,575.89,5.62,0.99
BB11,Saint Thomas,sample_0177,515.84,519.4,3.56,0.69
BB11,Saint Thomas,sample_0178,732.12,735.29,3.17,0.43
BB11,Saint Thomas,sample_0179,449.3,453.19,3.89,0.86
BB11,Saint Thomas,sample_0180,391.45,387.93,-3.53,-0.9
BB11,Saint Thomas,sample_0181,623.0,625.61,2.61,0.42
BB11,Saint Thomas,sample_0182,552.08,553.8,1.71,0.31
BB11,Saint Thomas,sample_0183,618.98,621.86,2.88,0.47
BB11,Saint Thomas,sample_0184,472.74,475.87,3.13,0.66
BB11,Saint Thomas,sample_0185,472.74,475.87,3.13,0.66
BB11,Saint Thomas,sample_0186,468.72,468.94,0.22,0.05
BB11,Saint Thomas,sample_0187,663.7,663.79,0.1,0.01
BB11,Saint Thomas,sample_0188,746.84,748.05,1.21,0.16
BB11,Saint Thomas,sample_0189,538.71,543.06,4.35,0.81
BB11,Saint Thomas,sample_0190,628.98,629.06,0.08,0.01
BB11,Saint Thomas,sample_0191,610.5,614.93,4.43,0.73
BB11,Saint Thomas,sample_0192,616.24,618.38,2.13,0.35
BB11,Saint Thomas,sample_0193,632.41,638.17,5.76,0.91
BB11,Saint Thomas,sample_0194,656.71,655.75,-0.96,-0.15
BB11,Saint Thomas,sample_0195,619.76,622.21,2.45,0.39
BB11,Saint Thomas,sample_0196,903.32,904.02,0.7,0.08
BB11,Saint Thomas,sample_0197,815.57,815.73,0.15,0.02
BB11,Saint Thomas,sample_0198,820.23,820.27,0.04,0.0
BB11,Saint Thomas,sample_0199,848.75,845.85,-2.9,-0.34
BB11,Saint Thomas,sample_0200,920.16,919.71,-0.45,-0.05
